,subject_id,island_idx,block_type,trial_num,theta,student_a,student_b,first_examples_a,first_examples_b,first_guess,teacher_knowledge,feedback_choice,bonus,second_examples_a,second_examples_b,final_guess,total_bonus,understood,n_attention_passed
0,A11FFJZ0C984W4,0,partial,0,0.7,9,1,7,3,,25,no,,,,,5.0,yes,2
1,A11FFJZ0C984W4,0,partial,1,0.7,9,1,,,,,,,6,4,100,5.0,yes,2
2,A11FFJZ0C984W4,1,partial,0,0.7,1,9,7,3,,21,no,,,,,5.0,yes,2
3,A11FFJZ0C984W4,1,partial,1,0.7,1,9,,,,,,,6,4,100,5.0,yes,2
4,A11FFJZ0C984W4,2,full,0,0.7,9,1,5,5,,60,no,,,,,5.0,yes,2
5,A11FFJZ0C984W4,2,full,1,0.7,9,1,,,,,,,8,2,100,5.0,yes,2
6,A11FFJZ0C984W4,3,partial,0,0.3,1,9,0,10,,38,no,,,,,5.0,yes,2
7,A11FFJZ0C984W4,3,partial,1,0.3,1,9,,,,,,,4,6,0,5.0,yes,2
8,A11FFJZ0C984W4,4,partial,0,0.3,9,1,3,7,,15,no,,,,,5.0,yes,2
9,A11FFJZ0C984W4,4,partial,1,0.3,9,1,,,,,,,4,6,0,5.0,yes,2
10,A11FFJZ0C984W4,5,full,0,0.3,9,1,0,10,,79,no,,,,,5.0,yes,2
11,A11FFJZ0C984W4,5,full,1,0.3,9,1,,,,,,,4,6,0,5.0,yes,2
12,A11FFJZ0C984W4,6,full,0,0.7,1,9,10,0,,76,no,,,,,5.0,yes,2
13,A11FFJZ0C984W4,6,full,1,0.7,1,9,,,,,,,8,2,100,5.0,yes,2
14,A11FFJZ0C984W4,7,partial,0,0.7,9,1,10,0,,37,no,,,,,5.0,yes,2
15,A11FFJZ0C984W4,7,partial,1,0.7,9,1,,,,,,,8,2,100,5.0,yes,2
16,A11FFJZ0C984W4,8,full,0,0.3,1,9,5,5,,73,no,,,,,5.0,yes,2
17,A11FFJZ0C984W4,8,full,1,0.3,1,9,,,,,,,2,8,0,5.0,yes,2
18,A11FFJZ0C984W4,9,partial,0,0.3,1,9,3,7,,46,no,,,,,5.0,yes,2
19,A11FFJZ0C984W4,9,partial,1,0.3,1,9,,,,,,,4,6,0,5.0,yes,2
20,A19TD2J8506A4Y,0,partial,0,0.7,9,1,10,0,,100,no,,,,,2.7,yes,2
21,A19TD2J8506A4Y,0,partial,1,0.7,9,1,,,,,,,8,2,100,2.7,yes,2
22,A19TD2J8506A4Y,1,partial,0,0.3,1,9,0,10,,100,no,,,,,2.7,yes,2
23,A19TD2J8506A4Y,1,partial,1,0.3,1,9,,,,,,,4,6,0,2.7,yes,2
24,A19TD2J8506A4Y,2,partial,0,0.7,1,9,7,3,0,29,yes,,,,,2.7,yes,2
25,A19TD2J8506A4Y,2,partial,1,0.7,1,9,,,,,,,6,4,0,2.7,yes,2
26,A19TD2J8506A4Y,3,full,0,0.7,9,1,5,5,,0,no,,,,,2.7,yes,2
27,A19TD2J8506A4Y,3,full,1,0.7,9,1,,,,,,,8,2,100,2.7,yes,2
28,A19TD2J8506A4Y,4,partial,0,0.7,9,1,7,3,,57,no,,,,,2.7,yes,2
29,A19TD2J8506A4Y,4,partial,1,0.7,9,1,,,,,,,6,4,100,2.7,yes,2
30,A19TD2J8506A4Y,5,partial,0,0.3,1,9,3,7,,86,no,,,,,2.7,yes,2
31,A19TD2J8506A4Y,5,partial,1,0.3,1,9,,,,,,,4,6,0,2.7,yes,2
32,A19TD2J8506A4Y,6,full,0,0.7,1,9,10,0,0,15,yes,,,,,2.7,yes,2
33,A19TD2J8506A4Y,6,full,1,0.7,1,9,,,,,,,8,2,100,2.7,yes,2
34,A19TD2J8506A4Y,7,full,0,0.3,1,9,5,5,,61,no,,,,,2.7,yes,2
35,A19TD2J8506A4Y,7,full,1,0.3,1,9,,,,,,,2,8,0,2.7,yes,2
36,A19TD2J8506A4Y,8,partial,0,0.3,9,1,3,7,100,61,yes,,,,,2.7,yes,2
37,A19TD2J8506A4Y,8,partial,1,0.3,9,1,,,,,,,4,6,100,2.7,yes,2
38,A19TD2J8506A4Y,9,full,0,0.3,9,1,0,10,100,68,yes,,,,,2.7,yes,2
39,A19TD2J8506A4Y,9,full,1,0.3,9,1,,,,,,,4,6,100,2.7,yes,2
40,A1B6B8EG4EJ3MO,0,partial,0,0.7,9,1,7,3,,100,no,,,,,4.5,yes,2
41,A1B6B8EG4EJ3MO,0,partial,1,0.7,9,1,,,,,,,6,4,100,4.5,yes,2
42,A1B6B8EG4EJ3MO,1,partial,0,0.7,1,9,7,3,,0,no,,,,,4.5,yes,2
43,A1B6B8EG4EJ3MO,1,partial,1,0.7,1,9,,,,,,,6,4,100,4.5,yes,2
44,A1B6B8EG4EJ3MO,2,full,0,0.7,9,1,5,5,,50,no,,,,,4.5,yes,2
45,A1B6B8EG4EJ3MO,2,full,1,0.7,9,1,,,,,,,8,2,100,4.5,yes,2
46,A1B6B8EG4EJ3MO,3,full,0,0.3,9,1,0,10,,0,no,,,,,4.5,yes,2
47,A1B6B8EG4EJ3MO,3,full,1,0.3,9,1,,,,,,,4,6,0,4.5,yes,2
48,A1B6B8EG4EJ3MO,4,full,0,0.7,1,9,10,0,,0,no,,,,,4.5,yes,2
49,A1B6B8EG4EJ3MO,4,full,1,0.7,1,9,,,,,,,8,2,100,4.5,yes,2
50,A1B6B8EG4EJ3MO,5,full,0,0.3,1,9,5,5,,23,no,,,,,4.5,yes,2
51,A1B6B8EG4EJ3MO,5,full,1,0.3,1,9,,,,,,,2,8,0,4.5,yes,2
52,A1B6B8EG4EJ3MO,6,partial,0,0.7,9,1,10,0,,100,no,,,,,4.5,yes,2
53,A1B6B8EG4EJ3MO,6,partial,1,0.7,9,1,,,,,,,8,2,100,4.5,yes,2
54,A1B6B8EG4EJ3MO,7,partial,0,0.3,1,9,3,7,,100,no,,,,,4.5,yes,2
55,A1B6B8EG4EJ3MO,7,partial,1,0.3,1,9,,,,,,,4,6,0,4.5,yes,2
56,A1B6B8EG4EJ3MO,8,partial,0,0.3,1,9,0,10,,100,no,,,,,4.5,yes,2
57,A1B6B8EG4EJ3MO,8,partial,1,0.3,1,9,,,,,,,4,6,0,4.5,yes,2
58,A1B6B8EG4EJ3MO,9,partial,0,0.3,9,1,3,7,,0,no,,,,,4.5,yes,2
59,A1B6B8EG4EJ3MO,9,partial,1,0.3,9,1,,,,,,,4,6,77,4.5,yes,2
60,A1C5SQZ045W0L5,0,full,0,0.7,1,9,10,0,,100,no,,,,,4.0,yes,2
61,A1C5SQZ045W0L5,0,full,1,0.7,1,9,,,,,,,8,2,96,4.0,yes,2
62,A1C5SQZ045W0L5,1,partial,0,0.7,9,1,7,3,,92,no,,,,,4.0,yes,2
63,A1C5SQZ045W0L5,1,partial,1,0.7,9,1,,,,,,,6,4,100,4.0,yes,2
64,A1C5SQZ045W0L5,2,partial,0,0.7,9,1,10,0,,33,no,,,,,4.0,yes,2
65,A1C5SQZ045W0L5,2,partial,1,0.7,9,1,,,,,,,8,2,100,4.0,yes,2
66,A1C5SQZ045W0L5,3,full,0,0.3,9,1,0,10,,100,no,,,,,4.0,yes,2
67,A1C5SQZ045W0L5,3,full,1,0.3,9,1,,,,,,,4,6,17,4.0,yes,2
68,A1C5SQZ045W0L5,4,partial,0,0.7,1,9,7,3,,32,no,,,,,4.0,yes,2
69,A1C5SQZ045W0L5,4,partial,1,0.7,1,9,,,,,,,6,4,13,4.0,yes,2
70,A1C5SQZ045W0L5,5,partial,0,0.3,1,9,0,10,,100,no,,,,,4.0,yes,2
71,A1C5SQZ045W0L5,5,partial,1,0.3,1,9,,,,,,,4,6,0,4.0,yes,2
72,A1C5SQZ045W0L5,6,partial,0,0.3,9,1,3,7,,10,no,,,,,4.0,yes,2
73,A1C5SQZ045W0L5,6,partial,1,0.3,9,1,,,,,,,4,6,79,4.0,yes,2
74,A1C5SQZ045W0L5,7,full,0,0.3,1,9,5,5,,5,no,,,,,4.0,yes,2
75,A1C5SQZ045W0L5,7,full,1,0.3,1,9,,,,,,,2,8,0,4.0,yes,2
76,A1C5SQZ045W0L5,8,full,0,0.7,9,1,5,5,,0,no,,,,,4.0,yes,2
77,A1C5SQZ045W0L5,8,full,1,0.7,9,1,,,,,,,8,2,100,4.0,yes,2
78,A1C5SQZ045W0L5,9,partial,0,0.3,1,9,3,7,,93,no,,,,,4.0,yes,2
79,A1C5SQZ045W0L5,9,partial,1,0.3,1,9,,,,,,,4,6,0,4.0,yes,2
80,A1DC5O5XEIMM1M,0,partial,0,0.3,1,9,0,10,67,78,yes,,,,,2.1,yes,1
81,A1DC5O5XEIMM1M,0,partial,1,0.3,1,9,,,,,,,4,6,58,2.1,yes,1
82,A1DC5O5XEIMM1M,1,partial,0,0.7,9,1,10,0,55,31,yes,,,,,2.1,yes,1
83,A1DC5O5XEIMM1M,1,partial,1,0.7,9,1,,,,,,,8,2,63,2.1,yes,1
84,A1DC5O5XEIMM1M,2,partial,0,0.7,1,9,7,3,,36,no,,,,,2.1,yes,1
85,A1DC5O5XEIMM1M,2,partial,1,0.7,1,9,,,,,,,6,4,63,2.1,yes,1
86,A1DC5O5XEIMM1M,3,full,0,0.3,9,1,0,10,67,67,yes,,,,,2.1,yes,1
87,A1DC5O5XEIMM1M,3,full,1,0.3,9,1,,,,,,,4,6,48,2.1,yes,1
88,A1DC5O5XEIMM1M,4,partial,0,0.3,1,9,3,7,50,43,yes,,,,,2.1,yes,1
89,A1DC5O5XEIMM1M,4,partial,1,0.3,1,9,,,,,,,4,6,55,2.1,yes,1
90,A1DC5O5XEIMM1M,5,full,0,0.3,1,9,5,5,62,40,yes,,,,,2.1,yes,1
91,A1DC5O5XEIMM1M,5,full,1,0.3,1,9,,,,,,,2,8,56,2.1,yes,1
92,A1DC5O5XEIMM1M,6,full,0,0.7,9,1,5,5,,66,no,,,,,2.1,yes,1
93,A1DC5O5XEIMM1M,6,full,1,0.7,9,1,,,,,,,8,2,55,2.1,yes,1
94,A1DC5O5XEIMM1M,7,full,0,0.7,1,9,10,0,61,42,yes,,,,,2.1,yes,1
95,A1DC5O5XEIMM1M,7,full,1,0.7,1,9,,,,,,,8,2,65,2.1,yes,1
96,A1DC5O5XEIMM1M,8,partial,0,0.7,9,1,7,3,56,38,yes,,,,,2.1,yes,1
97,A1DC5O5XEIMM1M,8,partial,1,0.7,9,1,,,,,,,6,4,61,2.1,yes,1
98,A1DC5O5XEIMM1M,9,partial,0,0.3,9,1,3,7,,66,no,,,,,2.1,yes,1
99,A1DC5O5XEIMM1M,9,partial,1,0.3,9,1,,,,,,,4,6,41,2.1,yes,1
100,A1I7H6RDJS4EKN,0,full,0,0.7,9,1,5,5,100,0,yes,,,,,3.8,yes,2
101,A1I7H6RDJS4EKN,0,full,1,0.7,9,1,,,,,,,8,2,100,3.8,yes,2
102,A1I7H6RDJS4EKN,1,partial,0,0.3,1,9,0,10,,0,no,,,,,3.8,yes,2
103,A1I7H6RDJS4EKN,1,partial,1,0.3,1,9,,,,,,,4,6,0,3.8,yes,2
104,A1I7H6RDJS4EKN,2,partial,0,0.3,1,9,3,7,,100,no,,,,,3.8,yes,2
105,A1I7H6RDJS4EKN,2,partial,1,0.3,1,9,,,,,,,4,6,0,3.8,yes,2
106,A1I7H6RDJS4EKN,3,partial,0,0.3,9,1,3,7,100,0,yes,,,,,3.8,yes,2
107,A1I7H6RDJS4EKN,3,partial,1,0.3,9,1,,,,,,,4,6,0,3.8,yes,2
108,A1I7H6RDJS4EKN,4,full,0,0.3,1,9,5,5,0,0,yes,,,,,3.8,yes,2
109,A1I7H6RDJS4EKN,4,full,1,0.3,1,9,,,,,,,2,8,0,3.8,yes,2
110,A1I7H6RDJS4EKN,5,full,0,0.7,1,9,10,0,0,0,yes,,,,,3.8,yes,2
111,A1I7H6RDJS4EKN,5,full,1,0.7,1,9,,,,,,,8,2,100,3.8,yes,2
112,A1I7H6RDJS4EKN,6,partial,0,0.7,1,9,7,3,0,0,yes,,,,,3.8,yes,2
113,A1I7H6RDJS4EKN,6,partial,1,0.7,1,9,,,,,,,6,4,100,3.8,yes,2
114,A1I7H6RDJS4EKN,7,partial,0,0.7,9,1,10,0,,100,no,,,,,3.8,yes,2
115,A1I7H6RDJS4EKN,7,partial,1,0.7,9,1,,,,,,,8,2,100,3.8,yes,2
116,A1I7H6RDJS4EKN,8,partial,0,0.7,9,1,7,3,100,0,yes,,,,,3.8,yes,2
117,A1I7H6RDJS4EKN,8,partial,1,0.7,9,1,,,,,,,6,4,100,3.8,yes,2
118,A1I7H6RDJS4EKN,9,full,0,0.3,9,1,0,10,,100,no,,,,,3.8,yes,2
119,A1I7H6RDJS4EKN,9,full,1,0.3,9,1,,,,,,,4,6,0,3.8,yes,2
120,A1IFIK8J49WBER,0,partial,0,0.3,1,9,0,10,,20,no,,,,,4.1,yes,2
121,A1IFIK8J49WBER,0,partial,1,0.3,1,9,,,,,,,4,6,100,4.1,yes,2
122,A1IFIK8J49WBER,1,partial,0,0.3,9,1,3,7,,89,no,,,,,4.1,yes,2
123,A1IFIK8J49WBER,1,partial,1,0.3,9,1,,,,,,,4,6,3,4.1,yes,2
124,A1IFIK8J49WBER,2,partial,0,0.7,9,1,10,0,,17,no,,,,,4.1,yes,2
125,A1IFIK8J49WBER,2,partial,1,0.7,9,1,,,,,,,8,2,100,4.1,yes,2
126,A1IFIK8J49WBER,3,full,0,0.3,1,9,5,5,,81,no,,,,,4.1,yes,2
127,A1IFIK8J49WBER,3,full,1,0.3,1,9,,,,,,,2,8,10,4.1,yes,2
128,A1IFIK8J49WBER,4,partial,0,0.3,1,9,3,7,,79,no,,,,,4.1,yes,2
129,A1IFIK8J49WBER,4,partial,1,0.3,1,9,,,,,,,4,6,6,4.1,yes,2
130,A1IFIK8J49WBER,5,full,0,0.3,9,1,0,10,50,35,yes,,,,,4.1,yes,2
131,A1IFIK8J49WBER,5,full,1,0.3,9,1,,,,,,,4,6,15,4.1,yes,2
132,A1IFIK8J49WBER,6,partial,0,0.7,1,9,7,3,32,6,yes,,,,,4.1,yes,2
133,A1IFIK8J49WBER,6,partial,1,0.7,1,9,,,,,,,6,4,92,4.1,yes,2
134,A1IFIK8J49WBER,7,full,0,0.7,9,1,5,5,,0,no,,,,,4.1,yes,2
135,A1IFIK8J49WBER,7,full,1,0.7,9,1,,,,,,,8,2,95,4.1,yes,2
136,A1IFIK8J49WBER,8,full,0,0.7,1,9,10,0,,28,no,,,,,4.1,yes,2
137,A1IFIK8J49WBER,8,full,1,0.7,1,9,,,,,,,8,2,100,4.1,yes,2
138,A1IFIK8J49WBER,9,partial,0,0.7,9,1,7,3,,19,no,,,,,4.1,yes,2
139,A1IFIK8J49WBER,9,partial,1,0.7,9,1,,,,,,,6,4,100,4.1,yes,2
140,A1ILD5BPLI8X1P,0,partial,0,0.7,9,1,7,3,100,58,yes,,,,,4.3,yes,2
141,A1ILD5BPLI8X1P,0,partial,1,0.7,9,1,,,,,,,6,4,88,4.3,yes,2
142,A1ILD5BPLI8X1P,1,partial,0,0.3,1,9,0,10,,87,no,,,,,4.3,yes,2
143,A1ILD5BPLI8X1P,1,partial,1,0.3,1,9,,,,,,,4,6,0,4.3,yes,2
144,A1ILD5BPLI8X1P,2,full,0,0.7,9,1,5,5,,36,no,,,,,4.3,yes,2
145,A1ILD5BPLI8X1P,2,full,1,0.7,9,1,,,,,,,8,2,59,4.3,yes,2
146,A1ILD5BPLI8X1P,3,partial,0,0.7,9,1,10,0,,54,no,,,,,4.3,yes,2
147,A1ILD5BPLI8X1P,3,partial,1,0.7,9,1,,,,,,,8,2,92,4.3,yes,2
148,A1ILD5BPLI8X1P,4,partial,0,0.7,1,9,7,3,,100,no,,,,,4.3,yes,2
149,A1ILD5BPLI8X1P,4,partial,1,0.7,1,9,,,,,,,6,4,32,4.3,yes,2
150,A1ILD5BPLI8X1P,5,full,0,0.3,1,9,5,5,,52,no,,,,,4.3,yes,2
151,A1ILD5BPLI8X1P,5,full,1,0.3,1,9,,,,,,,2,8,0,4.3,yes,2
152,A1ILD5BPLI8X1P,6,partial,0,0.3,9,1,3,7,,63,no,,,,,4.3,yes,2
153,A1ILD5BPLI8X1P,6,partial,1,0.3,9,1,,,,,,,4,6,14,4.3,yes,2
154,A1ILD5BPLI8X1P,7,full,0,0.7,1,9,10,0,,72,no,,,,,4.3,yes,2
155,A1ILD5BPLI8X1P,7,full,1,0.7,1,9,,,,,,,8,2,83,4.3,yes,2
156,A1ILD5BPLI8X1P,8,partial,0,0.3,1,9,3,7,,53,no,,,,,4.3,yes,2
157,A1ILD5BPLI8X1P,8,partial,1,0.3,1,9,,,,,,,4,6,32,4.3,yes,2
158,A1ILD5BPLI8X1P,9,full,0,0.3,9,1,0,10,,100,no,,,,,4.3,yes,2
159,A1ILD5BPLI8X1P,9,full,1,0.3,9,1,,,,,,,4,6,38,4.3,yes,2
160,A1JI19KPIVNL3Y,0,partial,0,0.7,9,1,7,3,,100,no,,,,,4.0,yes,2
161,A1JI19KPIVNL3Y,0,partial,1,0.7,9,1,,,,,,,6,4,100,4.0,yes,2
162,A1JI19KPIVNL3Y,1,full,0,0.7,1,9,10,0,,0,no,,,,,4.0,yes,2
163,A1JI19KPIVNL3Y,1,full,1,0.7,1,9,,,,,,,8,2,62,4.0,yes,2
164,A1JI19KPIVNL3Y,2,full,0,0.7,9,1,5,5,,0,no,,,,,4.0,yes,2
165,A1JI19KPIVNL3Y,2,full,1,0.7,9,1,,,,,,,8,2,100,4.0,yes,2
166,A1JI19KPIVNL3Y,3,partial,0,0.3,1,9,3,7,,100,no,,,,,4.0,yes,2
167,A1JI19KPIVNL3Y,3,partial,1,0.3,1,9,,,,,,,4,6,0,4.0,yes,2
168,A1JI19KPIVNL3Y,4,full,0,0.3,1,9,5,5,,50,no,,,,,4.0,yes,2
169,A1JI19KPIVNL3Y,4,full,1,0.3,1,9,,,,,,,2,8,0,4.0,yes,2
170,A1JI19KPIVNL3Y,5,full,0,0.3,9,1,0,10,,0,no,,,,,4.0,yes,2
171,A1JI19KPIVNL3Y,5,full,1,0.3,9,1,,,,,,,4,6,0,4.0,yes,2
172,A1JI19KPIVNL3Y,6,partial,0,0.3,9,1,3,7,,0,no,,,,,4.0,yes,2
173,A1JI19KPIVNL3Y,6,partial,1,0.3,9,1,,,,,,,4,6,100,4.0,yes,2
174,A1JI19KPIVNL3Y,7,partial,0,0.7,1,9,7,3,,0,no,,,,,4.0,yes,2
175,A1JI19KPIVNL3Y,7,partial,1,0.7,1,9,,,,,,,6,4,0,4.0,yes,2
176,A1JI19KPIVNL3Y,8,partial,0,0.3,1,9,0,10,,100,no,,,,,4.0,yes,2
177,A1JI19KPIVNL3Y,8,partial,1,0.3,1,9,,,,,,,4,6,0,4.0,yes,2
178,A1JI19KPIVNL3Y,9,partial,0,0.7,9,1,10,0,,100,no,,,,,4.0,yes,2
179,A1JI19KPIVNL3Y,9,partial,1,0.7,9,1,,,,,,,8,2,100,4.0,yes,2
180,A1S2EXYEG5I8HW,0,full,0,0.7,1,9,10,0,,100,no,,,,,5.0,yes,2
181,A1S2EXYEG5I8HW,0,full,1,0.7,1,9,,,,,,,8,2,100,5.0,yes,2
182,A1S2EXYEG5I8HW,1,full,0,0.7,9,1,5,5,,34,no,,,,,5.0,yes,2
183,A1S2EXYEG5I8HW,1,full,1,0.7,9,1,,,,,,,8,2,100,5.0,yes,2
184,A1S2EXYEG5I8HW,2,partial,0,0.3,1,9,0,10,,81,no,,,,,5.0,yes,2
185,A1S2EXYEG5I8HW,2,partial,1,0.3,1,9,,,,,,,4,6,0,5.0,yes,2
186,A1S2EXYEG5I8HW,3,full,0,0.3,1,9,5,5,,32,no,,,,,5.0,yes,2
187,A1S2EXYEG5I8HW,3,full,1,0.3,1,9,,,,,,,2,8,0,5.0,yes,2
188,A1S2EXYEG5I8HW,4,partial,0,0.3,9,1,3,7,,87,no,,,,,5.0,yes,2
189,A1S2EXYEG5I8HW,4,partial,1,0.3,9,1,,,,,,,4,6,0,5.0,yes,2
190,A1S2EXYEG5I8HW,5,partial,0,0.7,1,9,7,3,,100,no,,,,,5.0,yes,2
191,A1S2EXYEG5I8HW,5,partial,1,0.7,1,9,,,,,,,6,4,100,5.0,yes,2
192,A1S2EXYEG5I8HW,6,partial,0,0.7,9,1,10,0,,34,no,,,,,5.0,yes,2
193,A1S2EXYEG5I8HW,6,partial,1,0.7,9,1,,,,,,,8,2,100,5.0,yes,2
194,A1S2EXYEG5I8HW,7,partial,0,0.7,9,1,7,3,,28,no,,,,,5.0,yes,2
195,A1S2EXYEG5I8HW,7,partial,1,0.7,9,1,,,,,,,6,4,100,5.0,yes,2
196,A1S2EXYEG5I8HW,8,full,0,0.3,9,1,0,10,,100,no,,,,,5.0,yes,2
197,A1S2EXYEG5I8HW,8,full,1,0.3,9,1,,,,,,,4,6,0,5.0,yes,2
198,A1S2EXYEG5I8HW,9,partial,0,0.3,1,9,3,7,,23,no,,,,,5.0,yes,2
199,A1S2EXYEG5I8HW,9,partial,1,0.3,1,9,,,,,,,4,6,0,5.0,yes,2
200,A1T3ROSW2LC4FG,0,full,0,0.7,1,9,10,0,,67,no,,,,,3.8,yes,2
201,A1T3ROSW2LC4FG,0,full,1,0.7,1,9,,,,,,,8,2,16,3.8,yes,2
202,A1T3ROSW2LC4FG,1,partial,0,0.7,1,9,7,3,,44,no,,,,,3.8,yes,2
203,A1T3ROSW2LC4FG,1,partial,1,0.7,1,9,,,,,,,6,4,56,3.8,yes,2
204,A1T3ROSW2LC4FG,2,partial,0,0.3,9,1,3,7,,36,no,,,,,3.8,yes,2
205,A1T3ROSW2LC4FG,2,partial,1,0.3,9,1,,,,,,,4,6,44,3.8,yes,2
206,A1T3ROSW2LC4FG,3,full,0,0.3,1,9,5,5,,36,no,,,,,3.8,yes,2
207,A1T3ROSW2LC4FG,3,full,1,0.3,1,9,,,,,,,2,8,49,3.8,yes,2
208,A1T3ROSW2LC4FG,4,partial,0,0.3,1,9,0,10,,99,no,,,,,3.8,yes,2
209,A1T3ROSW2LC4FG,4,partial,1,0.3,1,9,,,,,,,4,6,5,3.8,yes,2
210,A1T3ROSW2LC4FG,5,partial,0,0.7,9,1,7,3,,94,no,,,,,3.8,yes,2
211,A1T3ROSW2LC4FG,5,partial,1,0.7,9,1,,,,,,,6,4,91,3.8,yes,2
212,A1T3ROSW2LC4FG,6,partial,0,0.7,9,1,10,0,100,100,yes,,,,,3.8,yes,2
213,A1T3ROSW2LC4FG,6,partial,1,0.7,9,1,,,,,,,8,2,100,3.8,yes,2
214,A1T3ROSW2LC4FG,7,full,0,0.3,9,1,0,10,,0,no,,,,,3.8,yes,2
215,A1T3ROSW2LC4FG,7,full,1,0.3,9,1,,,,,,,4,6,80,3.8,yes,2
216,A1T3ROSW2LC4FG,8,partial,0,0.3,1,9,3,7,,100,no,,,,,3.8,yes,2
217,A1T3ROSW2LC4FG,8,partial,1,0.3,1,9,,,,,,,4,6,17,3.8,yes,2
218,A1T3ROSW2LC4FG,9,full,0,0.7,9,1,5,5,,55,no,,,,,3.8,yes,2
219,A1T3ROSW2LC4FG,9,full,1,0.7,9,1,,,,,,,8,2,51,3.8,yes,2
220,A1V2H0UF94ATWY,0,full,0,0.7,1,9,10,0,,76,no,,,,,4.3,yes,2
221,A1V2H0UF94ATWY,0,full,1,0.7,1,9,,,,,,,8,2,84,4.3,yes,2
222,A1V2H0UF94ATWY,1,partial,0,0.7,1,9,7,3,,81,no,,,,,4.3,yes,2
223,A1V2H0UF94ATWY,1,partial,1,0.7,1,9,,,,,,,6,4,59,4.3,yes,2
224,A1V2H0UF94ATWY,2,full,0,0.3,1,9,5,5,,19,no,,,,,4.3,yes,2
225,A1V2H0UF94ATWY,2,full,1,0.3,1,9,,,,,,,2,8,8,4.3,yes,2
226,A1V2H0UF94ATWY,3,partial,0,0.3,9,1,3,7,,82,no,,,,,4.3,yes,2
227,A1V2H0UF94ATWY,3,partial,1,0.3,9,1,,,,,,,4,6,20,4.3,yes,2
228,A1V2H0UF94ATWY,4,full,0,0.3,9,1,0,10,,6,no,,,,,4.3,yes,2
229,A1V2H0UF94ATWY,4,full,1,0.3,9,1,,,,,,,4,6,89,4.3,yes,2
230,A1V2H0UF94ATWY,5,partial,0,0.7,9,1,10,0,,100,no,,,,,4.3,yes,2
231,A1V2H0UF94ATWY,5,partial,1,0.7,9,1,,,,,,,8,2,100,4.3,yes,2
232,A1V2H0UF94ATWY,6,partial,0,0.3,1,9,0,10,,100,no,,,,,4.3,yes,2
233,A1V2H0UF94ATWY,6,partial,1,0.3,1,9,,,,,,,4,6,0,4.3,yes,2
234,A1V2H0UF94ATWY,7,partial,0,0.3,1,9,3,7,,82,no,,,,,4.3,yes,2
235,A1V2H0UF94ATWY,7,partial,1,0.3,1,9,,,,,,,4,6,4,4.3,yes,2
236,A1V2H0UF94ATWY,8,full,0,0.7,9,1,5,5,100,6,yes,,,,,4.3,yes,2
237,A1V2H0UF94ATWY,8,full,1,0.7,9,1,,,,,,,8,2,100,4.3,yes,2
238,A1V2H0UF94ATWY,9,partial,0,0.7,9,1,7,3,,100,no,,,,,4.3,yes,2
239,A1V2H0UF94ATWY,9,partial,1,0.7,9,1,,,,,,,6,4,100,4.3,yes,2
240,A1W1X3S1Y0RKF3,0,partial,0,0.7,9,1,7,3,,25,no,,,,,4.5,yes,2
241,A1W1X3S1Y0RKF3,0,partial,1,0.7,9,1,,,,,,,6,4,97,4.5,yes,2
242,A1W1X3S1Y0RKF3,1,partial,0,0.3,1,9,0,10,,68,no,,,,,4.5,yes,2
243,A1W1X3S1Y0RKF3,1,partial,1,0.3,1,9,,,,,,,4,6,3,4.5,yes,2
244,A1W1X3S1Y0RKF3,2,full,0,0.3,1,9,5,5,,16,no,,,,,4.5,yes,2
245,A1W1X3S1Y0RKF3,2,full,1,0.3,1,9,,,,,,,2,8,2,4.5,yes,2
246,A1W1X3S1Y0RKF3,3,partial,0,0.3,9,1,3,7,,31,no,,,,,4.5,yes,2
247,A1W1X3S1Y0RKF3,3,partial,1,0.3,9,1,,,,,,,4,6,63,4.5,yes,2
248,A1W1X3S1Y0RKF3,4,partial,0,0.7,1,9,7,3,,31,no,,,,,4.5,yes,2
249,A1W1X3S1Y0RKF3,4,partial,1,0.7,1,9,,,,,,,6,4,71,4.5,yes,2
250,A1W1X3S1Y0RKF3,5,full,0,0.7,1,9,10,0,,74,no,,,,,4.5,yes,2
251,A1W1X3S1Y0RKF3,5,full,1,0.7,1,9,,,,,,,8,2,80,4.5,yes,2
252,A1W1X3S1Y0RKF3,6,partial,0,0.7,9,1,10,0,,31,no,,,,,4.5,yes,2
253,A1W1X3S1Y0RKF3,6,partial,1,0.7,9,1,,,,,,,8,2,99,4.5,yes,2
254,A1W1X3S1Y0RKF3,7,full,0,0.7,9,1,5,5,,22,no,,,,,4.5,yes,2
255,A1W1X3S1Y0RKF3,7,full,1,0.7,9,1,,,,,,,8,2,95,4.5,yes,2
256,A1W1X3S1Y0RKF3,8,full,0,0.3,9,1,0,10,,84,no,,,,,4.5,yes,2
257,A1W1X3S1Y0RKF3,8,full,1,0.3,9,1,,,,,,,4,6,27,4.5,yes,2
258,A1W1X3S1Y0RKF3,9,partial,0,0.3,1,9,3,7,,23,no,,,,,4.5,yes,2
259,A1W1X3S1Y0RKF3,9,partial,1,0.3,1,9,,,,,,,4,6,8,4.5,yes,2
260,A1WH32GYQOHIRQ,0,partial,0,0.7,9,1,7,3,,30,no,,,,,3.3,yes,2
261,A1WH32GYQOHIRQ,0,partial,1,0.7,9,1,,,,,,,6,4,37,3.3,yes,2
262,A1WH32GYQOHIRQ,1,partial,0,0.7,1,9,7,3,,48,no,,,,,3.3,yes,2
263,A1WH32GYQOHIRQ,1,partial,1,0.7,1,9,,,,,,,6,4,56,3.3,yes,2
264,A1WH32GYQOHIRQ,2,full,0,0.7,9,1,5,5,31,59,yes,,,,,3.3,yes,2
265,A1WH32GYQOHIRQ,2,full,1,0.7,9,1,,,,,,,8,2,100,3.3,yes,2
266,A1WH32GYQOHIRQ,3,full,0,0.3,1,9,5,5,,62,no,,,,,3.3,yes,2
267,A1WH32GYQOHIRQ,3,full,1,0.3,1,9,,,,,,,2,8,0,3.3,yes,2
268,A1WH32GYQOHIRQ,4,partial,0,0.3,1,9,0,10,,100,no,,,,,3.3,yes,2
269,A1WH32GYQOHIRQ,4,partial,1,0.3,1,9,,,,,,,4,6,0,3.3,yes,2
270,A1WH32GYQOHIRQ,5,partial,0,0.3,9,1,3,7,,31,no,,,,,3.3,yes,2
271,A1WH32GYQOHIRQ,5,partial,1,0.3,9,1,,,,,,,4,6,100,3.3,yes,2
272,A1WH32GYQOHIRQ,6,full,0,0.7,1,9,10,0,,100,no,,,,,3.3,yes,2
273,A1WH32GYQOHIRQ,6,full,1,0.7,1,9,,,,,,,8,2,100,3.3,yes,2
274,A1WH32GYQOHIRQ,7,partial,0,0.3,1,9,3,7,,53,no,,,,,3.3,yes,2
275,A1WH32GYQOHIRQ,7,partial,1,0.3,1,9,,,,,,,4,6,100,3.3,yes,2
276,A1WH32GYQOHIRQ,8,full,0,0.3,9,1,0,10,,16,no,,,,,3.3,yes,2
277,A1WH32GYQOHIRQ,8,full,1,0.3,9,1,,,,,,,4,6,24,3.3,yes,2
278,A1WH32GYQOHIRQ,9,partial,0,0.7,9,1,10,0,,81,no,,,,,3.3,yes,2
279,A1WH32GYQOHIRQ,9,partial,1,0.7,9,1,,,,,,,8,2,100,3.3,yes,2
280,A1WI88CH4BTDDR,0,partial,0,0.7,9,1,10,0,,100,no,,,,,5.0,yes,2
281,A1WI88CH4BTDDR,0,partial,1,0.7,9,1,,,,,,,8,2,100,5.0,yes,2
282,A1WI88CH4BTDDR,1,full,0,0.7,9,1,5,5,,0,no,,,,,5.0,yes,2
283,A1WI88CH4BTDDR,1,full,1,0.7,9,1,,,,,,,8,2,100,5.0,yes,2
284,A1WI88CH4BTDDR,2,full,0,0.3,1,9,5,5,,0,no,,,,,5.0,yes,2
285,A1WI88CH4BTDDR,2,full,1,0.3,1,9,,,,,,,2,8,0,5.0,yes,2
286,A1WI88CH4BTDDR,3,partial,0,0.7,9,1,7,3,,83,no,,,,,5.0,yes,2
287,A1WI88CH4BTDDR,3,partial,1,0.7,9,1,,,,,,,6,4,100,5.0,yes,2
288,A1WI88CH4BTDDR,4,partial,0,0.3,9,1,3,7,,70,no,,,,,5.0,yes,2
289,A1WI88CH4BTDDR,4,partial,1,0.3,9,1,,,,,,,4,6,33,5.0,yes,2
290,A1WI88CH4BTDDR,5,partial,0,0.3,1,9,3,7,,37,no,,,,,5.0,yes,2
291,A1WI88CH4BTDDR,5,partial,1,0.3,1,9,,,,,,,4,6,32,5.0,yes,2
292,A1WI88CH4BTDDR,6,full,0,0.3,9,1,0,10,,100,no,,,,,5.0,yes,2
293,A1WI88CH4BTDDR,6,full,1,0.3,9,1,,,,,,,4,6,0,5.0,yes,2
294,A1WI88CH4BTDDR,7,partial,0,0.7,1,9,7,3,,70,no,,,,,5.0,yes,2
295,A1WI88CH4BTDDR,7,partial,1,0.7,1,9,,,,,,,6,4,95,5.0,yes,2
296,A1WI88CH4BTDDR,8,partial,0,0.3,1,9,0,10,,100,no,,,,,5.0,yes,2
297,A1WI88CH4BTDDR,8,partial,1,0.3,1,9,,,,,,,4,6,0,5.0,yes,2
298,A1WI88CH4BTDDR,9,full,0,0.7,1,9,10,0,,100,no,,,,,5.0,yes,2
299,A1WI88CH4BTDDR,9,full,1,0.7,1,9,,,,,,,8,2,100,5.0,yes,2
300,A1YZ0ETOCJO1B2,0,partial,0,0.7,9,1,7,3,,94,no,,,,,2.7,yes,2
301,A1YZ0ETOCJO1B2,0,partial,1,0.7,9,1,,,,,,,6,4,100,2.7,yes,2
302,A1YZ0ETOCJO1B2,1,full,0,0.7,9,1,5,5,,8,no,,,,,2.7,yes,2
303,A1YZ0ETOCJO1B2,1,full,1,0.7,9,1,,,,,,,8,2,100,2.7,yes,2
304,A1YZ0ETOCJO1B2,2,partial,0,0.7,1,9,7,3,,0,no,,,,,2.7,yes,2
305,A1YZ0ETOCJO1B2,2,partial,1,0.7,1,9,,,,,,,6,4,10,2.7,yes,2
306,A1YZ0ETOCJO1B2,3,full,0,0.3,1,9,5,5,12,17,yes,,,,,2.7,yes,2
307,A1YZ0ETOCJO1B2,3,full,1,0.3,1,9,,,,,,,2,8,0,2.7,yes,2
308,A1YZ0ETOCJO1B2,4,partial,0,0.7,9,1,10,0,,100,no,,,,,2.7,yes,2
309,A1YZ0ETOCJO1B2,4,partial,1,0.7,9,1,,,,,,,8,2,100,2.7,yes,2
310,A1YZ0ETOCJO1B2,5,partial,0,0.3,1,9,3,7,,81,no,,,,,2.7,yes,2
311,A1YZ0ETOCJO1B2,5,partial,1,0.3,1,9,,,,,,,4,6,4,2.7,yes,2
312,A1YZ0ETOCJO1B2,6,partial,0,0.3,1,9,0,10,,100,no,,,,,2.7,yes,2
313,A1YZ0ETOCJO1B2,6,partial,1,0.3,1,9,,,,,,,4,6,0,2.7,yes,2
314,A1YZ0ETOCJO1B2,7,full,0,0.3,9,1,0,10,0,0,yes,,,,,2.7,yes,2
315,A1YZ0ETOCJO1B2,7,full,1,0.3,9,1,,,,,,,4,6,12,2.7,yes,2
316,A1YZ0ETOCJO1B2,8,full,0,0.7,1,9,10,0,0,0,yes,,,,,2.7,yes,2
317,A1YZ0ETOCJO1B2,8,full,1,0.7,1,9,,,,,,,8,2,37,2.7,yes,2
318,A1YZ0ETOCJO1B2,9,partial,0,0.3,9,1,3,7,89,3,yes,,,,,2.7,yes,2
319,A1YZ0ETOCJO1B2,9,partial,1,0.3,9,1,,,,,,,4,6,65,2.7,yes,2
320,A248QG4DPULP46,0,partial,0,0.3,1,9,3,7,,30,no,,,,,4.5,yes,2
321,A248QG4DPULP46,0,partial,1,0.3,1,9,,,,,,,4,6,100,4.5,yes,2
322,A248QG4DPULP46,1,full,0,0.3,1,9,5,5,,0,no,,,,,4.5,yes,2
323,A248QG4DPULP46,1,full,1,0.3,1,9,,,,,,,2,8,0,4.5,yes,2
324,A248QG4DPULP46,2,partial,0,0.7,9,1,10,0,,91,no,,,,,4.5,yes,2
325,A248QG4DPULP46,2,partial,1,0.7,9,1,,,,,,,8,2,100,4.5,yes,2
326,A248QG4DPULP46,3,full,0,0.7,9,1,5,5,,0,no,,,,,4.5,yes,2
327,A248QG4DPULP46,3,full,1,0.7,9,1,,,,,,,8,2,100,4.5,yes,2
328,A248QG4DPULP46,4,partial,0,0.7,9,1,7,3,,0,no,,,,,4.5,yes,2
329,A248QG4DPULP46,4,partial,1,0.7,9,1,,,,,,,6,4,100,4.5,yes,2
330,A248QG4DPULP46,5,partial,0,0.7,1,9,7,3,,79,no,,,,,4.5,yes,2
331,A248QG4DPULP46,5,partial,1,0.7,1,9,,,,,,,6,4,100,4.5,yes,2
332,A248QG4DPULP46,6,partial,0,0.3,9,1,3,7,,20,no,,,,,4.5,yes,2
333,A248QG4DPULP46,6,partial,1,0.3,9,1,,,,,,,4,6,0,4.5,yes,2
334,A248QG4DPULP46,7,full,0,0.7,1,9,10,0,,100,no,,,,,4.5,yes,2
335,A248QG4DPULP46,7,full,1,0.7,1,9,,,,,,,8,2,100,4.5,yes,2
336,A248QG4DPULP46,8,full,0,0.3,9,1,0,10,,0,no,,,,,4.5,yes,2
337,A248QG4DPULP46,8,full,1,0.3,9,1,,,,,,,4,6,0,4.5,yes,2
338,A248QG4DPULP46,9,partial,0,0.3,1,9,0,10,,50,no,,,,,4.5,yes,2
339,A248QG4DPULP46,9,partial,1,0.3,1,9,,,,,,,4,6,0,4.5,yes,2
340,A2615YW1YERQBO,0,partial,0,0.3,1,9,0,10,,38,no,,,,,4.6,yes,2
341,A2615YW1YERQBO,0,partial,1,0.3,1,9,,,,,,,4,6,0,4.6,yes,2
342,A2615YW1YERQBO,1,partial,0,0.7,9,1,7,3,,69,no,,,,,4.6,yes,2
343,A2615YW1YERQBO,1,partial,1,0.7,9,1,,,,,,,6,4,100,4.6,yes,2
344,A2615YW1YERQBO,2,full,0,0.7,1,9,10,0,51,82,yes,,,,,4.6,yes,2
345,A2615YW1YERQBO,2,full,1,0.7,1,9,,,,,,,8,2,100,4.6,yes,2
346,A2615YW1YERQBO,3,partial,0,0.7,9,1,10,0,,39,no,,,,,4.6,yes,2
347,A2615YW1YERQBO,3,partial,1,0.7,9,1,,,,,,,8,2,100,4.6,yes,2
348,A2615YW1YERQBO,4,partial,0,0.3,9,1,3,7,,82,no,,,,,4.6,yes,2
349,A2615YW1YERQBO,4,partial,1,0.3,9,1,,,,,,,4,6,34,4.6,yes,2
350,A2615YW1YERQBO,5,partial,0,0.3,1,9,3,7,,13,no,,,,,4.6,yes,2
351,A2615YW1YERQBO,5,partial,1,0.3,1,9,,,,,,,4,6,0,4.6,yes,2
352,A2615YW1YERQBO,6,full,0,0.3,9,1,0,10,49,49,yes,,,,,4.6,yes,2
353,A2615YW1YERQBO,6,full,1,0.3,9,1,,,,,,,4,6,1,4.6,yes,2
354,A2615YW1YERQBO,7,full,0,0.3,1,9,5,5,,60,no,,,,,4.6,yes,2
355,A2615YW1YERQBO,7,full,1,0.3,1,9,,,,,,,2,8,17,4.6,yes,2
356,A2615YW1YERQBO,8,full,0,0.7,9,1,5,5,,28,no,,,,,4.6,yes,2
357,A2615YW1YERQBO,8,full,1,0.7,9,1,,,,,,,8,2,100,4.6,yes,2
358,A2615YW1YERQBO,9,partial,0,0.7,1,9,7,3,,47,no,,,,,4.6,yes,2
359,A2615YW1YERQBO,9,partial,1,0.7,1,9,,,,,,,6,4,53,4.6,yes,2
360,A26SF9CTNKKBYB,0,full,0,0.3,9,1,0,10,,100,no,,,,,3.4,yes,2
361,A26SF9CTNKKBYB,0,full,1,0.3,9,1,,,,,,,4,6,0,3.4,yes,2
362,A26SF9CTNKKBYB,1,partial,0,0.7,9,1,10,0,100,0,yes,,,,,3.4,yes,2
363,A26SF9CTNKKBYB,1,partial,1,0.7,9,1,,,,,,,8,2,100,3.4,yes,2
364,A26SF9CTNKKBYB,2,full,0,0.7,1,9,10,0,100,100,yes,,,,,3.4,yes,2
365,A26SF9CTNKKBYB,2,full,1,0.7,1,9,,,,,,,8,2,100,3.4,yes,2
366,A26SF9CTNKKBYB,3,partial,0,0.3,1,9,3,7,0,0,yes,,,,,3.4,yes,2
367,A26SF9CTNKKBYB,3,partial,1,0.3,1,9,,,,,,,4,6,0,3.4,yes,2
368,A26SF9CTNKKBYB,4,partial,0,0.7,9,1,7,3,,18,no,,,,,3.4,yes,2
369,A26SF9CTNKKBYB,4,partial,1,0.7,9,1,,,,,,,6,4,100,3.4,yes,2
370,A26SF9CTNKKBYB,5,partial,0,0.3,1,9,0,10,0,100,yes,,,,,3.4,yes,2
371,A26SF9CTNKKBYB,5,partial,1,0.3,1,9,,,,,,,4,6,0,3.4,yes,2
372,A26SF9CTNKKBYB,6,partial,0,0.7,1,9,7,3,100,100,yes,,,,,3.4,yes,2
373,A26SF9CTNKKBYB,6,partial,1,0.7,1,9,,,,,,,6,4,100,3.4,yes,2
374,A26SF9CTNKKBYB,7,full,0,0.7,9,1,5,5,100,0,yes,,,,,3.4,yes,2
375,A26SF9CTNKKBYB,7,full,1,0.7,9,1,,,,,,,8,2,100,3.4,yes,2
376,A26SF9CTNKKBYB,8,full,0,0.3,1,9,5,5,0,0,yes,,,,,3.4,yes,2
377,A26SF9CTNKKBYB,8,full,1,0.3,1,9,,,,,,,2,8,0,3.4,yes,2
378,A26SF9CTNKKBYB,9,partial,0,0.3,9,1,3,7,0,0,yes,,,,,3.4,yes,2
379,A26SF9CTNKKBYB,9,partial,1,0.3,9,1,,,,,,,4,6,0,3.4,yes,2
380,A2E0LU8V4EUX5C,0,partial,0,0.7,1,9,7,3,,3,no,,,,,3.5,yes,2
381,A2E0LU8V4EUX5C,0,partial,1,0.7,1,9,,,,,,,6,4,37,3.5,yes,2
382,A2E0LU8V4EUX5C,1,partial,0,0.7,9,1,7,3,,86,no,,,,,3.5,yes,2
383,A2E0LU8V4EUX5C,1,partial,1,0.7,9,1,,,,,,,6,4,76,3.5,yes,2
384,A2E0LU8V4EUX5C,2,partial,0,0.3,9,1,3,7,,17,no,,,,,3.5,yes,2
385,A2E0LU8V4EUX5C,2,partial,1,0.3,9,1,,,,,,,4,6,31,3.5,yes,2
386,A2E0LU8V4EUX5C,3,partial,0,0.3,1,9,3,7,,0,no,,,,,3.5,yes,2
387,A2E0LU8V4EUX5C,3,partial,1,0.3,1,9,,,,,,,4,6,48,3.5,yes,2
388,A2E0LU8V4EUX5C,4,full,0,0.3,9,1,0,10,,0,no,,,,,3.5,yes,2
389,A2E0LU8V4EUX5C,4,full,1,0.3,9,1,,,,,,,4,6,64,3.5,yes,2
390,A2E0LU8V4EUX5C,5,partial,0,0.7,9,1,10,0,,94,no,,,,,3.5,yes,2
391,A2E0LU8V4EUX5C,5,partial,1,0.7,9,1,,,,,,,8,2,91,3.5,yes,2
392,A2E0LU8V4EUX5C,6,partial,0,0.3,1,9,0,10,,92,no,,,,,3.5,yes,2
393,A2E0LU8V4EUX5C,6,partial,1,0.3,1,9,,,,,,,4,6,21,3.5,yes,2
394,A2E0LU8V4EUX5C,7,full,0,0.7,1,9,10,0,,0,no,,,,,3.5,yes,2
395,A2E0LU8V4EUX5C,7,full,1,0.7,1,9,,,,,,,8,2,58,3.5,yes,2
396,A2E0LU8V4EUX5C,8,full,0,0.3,1,9,5,5,,50,no,,,,,3.5,yes,2
397,A2E0LU8V4EUX5C,8,full,1,0.3,1,9,,,,,,,2,8,50,3.5,yes,2
398,A2E0LU8V4EUX5C,9,full,0,0.7,9,1,5,5,,50,no,,,,,3.5,yes,2
399,A2E0LU8V4EUX5C,9,full,1,0.7,9,1,,,,,,,8,2,55,3.5,yes,2
400,A2EP2TI8HE8EGK,0,full,0,0.3,1,9,5,5,,20,no,,,,,4.0,yes,2
401,A2EP2TI8HE8EGK,0,full,1,0.3,1,9,,,,,,,2,8,5,4.0,yes,2
402,A2EP2TI8HE8EGK,1,full,0,0.3,9,1,0,10,,15,no,,,,,4.0,yes,2
403,A2EP2TI8HE8EGK,1,full,1,0.3,9,1,,,,,,,4,6,31,4.0,yes,2
404,A2EP2TI8HE8EGK,2,partial,0,0.7,1,9,7,3,,53,no,,,,,4.0,yes,2
405,A2EP2TI8HE8EGK,2,partial,1,0.7,1,9,,,,,,,6,4,45,4.0,yes,2
406,A2EP2TI8HE8EGK,3,full,0,0.7,1,9,10,0,,43,no,,,,,4.0,yes,2
407,A2EP2TI8HE8EGK,3,full,1,0.7,1,9,,,,,,,8,2,83,4.0,yes,2
408,A2EP2TI8HE8EGK,4,partial,0,0.3,1,9,0,10,,59,no,,,,,4.0,yes,2
409,A2EP2TI8HE8EGK,4,partial,1,0.3,1,9,,,,,,,4,6,21,4.0,yes,2
410,A2EP2TI8HE8EGK,5,partial,0,0.3,1,9,3,7,,53,no,,,,,4.0,yes,2
411,A2EP2TI8HE8EGK,5,partial,1,0.3,1,9,,,,,,,4,6,26,4.0,yes,2
412,A2EP2TI8HE8EGK,6,partial,0,0.3,9,1,3,7,,46,no,,,,,4.0,yes,2
413,A2EP2TI8HE8EGK,6,partial,1,0.3,9,1,,,,,,,4,6,62,4.0,yes,2
414,A2EP2TI8HE8EGK,7,full,0,0.7,9,1,5,5,,43,no,,,,,4.0,yes,2
415,A2EP2TI8HE8EGK,7,full,1,0.7,9,1,,,,,,,8,2,72,4.0,yes,2
416,A2EP2TI8HE8EGK,8,partial,0,0.7,9,1,10,0,,55,no,,,,,4.0,yes,2
417,A2EP2TI8HE8EGK,8,partial,1,0.7,9,1,,,,,,,8,2,68,4.0,yes,2
418,A2EP2TI8HE8EGK,9,partial,0,0.7,9,1,7,3,,47,no,,,,,4.0,yes,2
419,A2EP2TI8HE8EGK,9,partial,1,0.7,9,1,,,,,,,6,4,83,4.0,yes,2
420,A2FCQ5K0T1PYHS,0,full,0,0.7,1,9,10,0,,80,no,,,,,4.5,yes,2
421,A2FCQ5K0T1PYHS,0,full,1,0.7,1,9,,,,,,,8,2,92,4.5,yes,2
422,A2FCQ5K0T1PYHS,1,partial,0,0.3,1,9,0,10,,30,no,,,,,4.5,yes,2
423,A2FCQ5K0T1PYHS,1,partial,1,0.3,1,9,,,,,,,4,6,6,4.5,yes,2
424,A2FCQ5K0T1PYHS,2,partial,0,0.3,9,1,3,7,,73,no,,,,,4.5,yes,2
425,A2FCQ5K0T1PYHS,2,partial,1,0.3,9,1,,,,,,,4,6,92,4.5,yes,2
426,A2FCQ5K0T1PYHS,3,partial,0,0.7,9,1,10,0,,13,no,,,,,4.5,yes,2
427,A2FCQ5K0T1PYHS,3,partial,1,0.7,9,1,,,,,,,8,2,100,4.5,yes,2
428,A2FCQ5K0T1PYHS,4,full,0,0.7,9,1,5,5,,25,no,,,,,4.5,yes,2
429,A2FCQ5K0T1PYHS,4,full,1,0.7,9,1,,,,,,,8,2,100,4.5,yes,2
430,A2FCQ5K0T1PYHS,5,partial,0,0.7,1,9,7,3,,70,no,,,,,4.5,yes,2
431,A2FCQ5K0T1PYHS,5,partial,1,0.7,1,9,,,,,,,6,4,65,4.5,yes,2
432,A2FCQ5K0T1PYHS,6,partial,0,0.3,1,9,3,7,,82,no,,,,,4.5,yes,2
433,A2FCQ5K0T1PYHS,6,partial,1,0.3,1,9,,,,,,,4,6,2,4.5,yes,2
434,A2FCQ5K0T1PYHS,7,full,0,0.3,9,1,0,10,,100,no,,,,,4.5,yes,2
435,A2FCQ5K0T1PYHS,7,full,1,0.3,9,1,,,,,,,4,6,0,4.5,yes,2
436,A2FCQ5K0T1PYHS,8,full,0,0.3,1,9,5,5,,19,no,,,,,4.5,yes,2
437,A2FCQ5K0T1PYHS,8,full,1,0.3,1,9,,,,,,,2,8,0,4.5,yes,2
438,A2FCQ5K0T1PYHS,9,partial,0,0.7,9,1,7,3,,79,no,,,,,4.5,yes,2
439,A2FCQ5K0T1PYHS,9,partial,1,0.7,9,1,,,,,,,6,4,97,4.5,yes,2
440,A2FGKKWP33DFWS,0,partial,0,0.3,1,9,3,7,,39,no,,,,,4.3,yes,2
441,A2FGKKWP33DFWS,0,partial,1,0.3,1,9,,,,,,,4,6,0,4.3,yes,2
442,A2FGKKWP33DFWS,1,full,0,0.7,1,9,10,0,,26,no,,,,,4.3,yes,2
443,A2FGKKWP33DFWS,1,full,1,0.7,1,9,,,,,,,8,2,100,4.3,yes,2
444,A2FGKKWP33DFWS,2,partial,0,0.3,1,9,0,10,,83,no,,,,,4.3,yes,2
445,A2FGKKWP33DFWS,2,partial,1,0.3,1,9,,,,,,,4,6,0,4.3,yes,2
446,A2FGKKWP33DFWS,3,partial,0,0.3,9,1,3,7,100,6,yes,,,,,4.3,yes,2
447,A2FGKKWP33DFWS,3,partial,1,0.3,9,1,,,,,,,4,6,99,4.3,yes,2
448,A2FGKKWP33DFWS,4,full,0,0.3,9,1,0,10,,1,no,,,,,4.3,yes,2
449,A2FGKKWP33DFWS,4,full,1,0.3,9,1,,,,,,,4,6,0,4.3,yes,2
450,A2FGKKWP33DFWS,5,partial,0,0.7,9,1,7,3,,3,no,,,,,4.3,yes,2
451,A2FGKKWP33DFWS,5,partial,1,0.7,9,1,,,,,,,6,4,99,4.3,yes,2
452,A2FGKKWP33DFWS,6,partial,0,0.7,9,1,10,0,,0,no,,,,,4.3,yes,2
453,A2FGKKWP33DFWS,6,partial,1,0.7,9,1,,,,,,,8,2,100,4.3,yes,2
454,A2FGKKWP33DFWS,7,full,0,0.3,1,9,5,5,,3,no,,,,,4.3,yes,2
455,A2FGKKWP33DFWS,7,full,1,0.3,1,9,,,,,,,2,8,0,4.3,yes,2
456,A2FGKKWP33DFWS,8,full,0,0.7,9,1,5,5,,0,no,,,,,4.3,yes,2
457,A2FGKKWP33DFWS,8,full,1,0.7,9,1,,,,,,,8,2,100,4.3,yes,2
458,A2FGKKWP33DFWS,9,partial,0,0.7,1,9,7,3,,9,no,,,,,4.3,yes,2
459,A2FGKKWP33DFWS,9,partial,1,0.7,1,9,,,,,,,6,4,100,4.3,yes,2
460,A2G7F8S617H0BB,0,partial,0,0.7,1,9,7,3,,18,no,,,,,3.5,yes,2
461,A2G7F8S617H0BB,0,partial,1,0.7,1,9,,,,,,,,,0,3.5,yes,2
462,A2G7F8S617H0BB,1,partial,0,0.7,9,1,7,3,,0,no,,,,,3.5,yes,2
463,A2G7F8S617H0BB,1,partial,1,0.7,9,1,,,,,,,,,96,3.5,yes,2
464,A2G7F8S617H0BB,2,partial,0,0.3,9,1,3,7,,0,no,,,,,3.5,yes,2
465,A2G7F8S617H0BB,2,partial,1,0.3,9,1,,,,,,,,,100,3.5,yes,2
466,A2G7F8S617H0BB,3,full,0,0.7,1,9,10,0,,0,no,,,,,3.5,yes,2
467,A2G7F8S617H0BB,3,full,1,0.7,1,9,,,,,,,,,0,3.5,yes,2
468,A2G7F8S617H0BB,4,full,0,0.3,9,1,0,10,,0,no,,,,,3.5,yes,2
469,A2G7F8S617H0BB,4,full,1,0.3,9,1,,,,,,,4,6,0,3.5,yes,2
470,A2G7F8S617H0BB,5,partial,0,0.7,9,1,10,0,,0,no,,,,,3.5,yes,2
471,A2G7F8S617H0BB,5,partial,1,0.7,9,1,,,,,,,8,2,100,3.5,yes,2
472,A2G7F8S617H0BB,6,partial,0,0.3,1,9,3,7,,0,no,,,,,3.5,yes,2
473,A2G7F8S617H0BB,6,partial,1,0.3,1,9,,,,,,,4,6,0,3.5,yes,2
474,A2G7F8S617H0BB,7,partial,0,0.3,1,9,0,10,,0,no,,,,,3.5,yes,2
475,A2G7F8S617H0BB,7,partial,1,0.3,1,9,,,,,,,4,6,0,3.5,yes,2
476,A2G7F8S617H0BB,8,full,0,0.3,1,9,5,5,,0,no,,,,,3.5,yes,2
477,A2G7F8S617H0BB,8,full,1,0.3,1,9,,,,,,,2,8,0,3.5,yes,2
478,A2G7F8S617H0BB,9,full,0,0.7,9,1,5,5,,0,no,,,,,3.5,yes,2
479,A2G7F8S617H0BB,9,full,1,0.7,9,1,,,,,,,8,2,100,3.5,yes,2
480,A2M3FPQF852HW4,0,full,0,0.7,9,1,5,5,,0,no,,,,,4.5,yes,2
481,A2M3FPQF852HW4,0,full,1,0.7,9,1,,,,,,,8,2,96,4.5,yes,2
482,A2M3FPQF852HW4,1,partial,0,0.3,1,9,3,7,,63,no,,,,,4.5,yes,2
483,A2M3FPQF852HW4,1,partial,1,0.3,1,9,,,,,,,4,6,11,4.5,yes,2
484,A2M3FPQF852HW4,2,partial,0,0.7,9,1,10,0,,96,no,,,,,4.5,yes,2
485,A2M3FPQF852HW4,2,partial,1,0.7,9,1,,,,,,,8,2,96,4.5,yes,2
486,A2M3FPQF852HW4,3,partial,0,0.7,1,9,7,3,,45,no,,,,,4.5,yes,2
487,A2M3FPQF852HW4,3,partial,1,0.7,1,9,,,,,,,6,4,68,4.5,yes,2
488,A2M3FPQF852HW4,4,full,0,0.3,1,9,5,5,,30,no,,,,,4.5,yes,2
489,A2M3FPQF852HW4,4,full,1,0.3,1,9,,,,,,,2,8,23,4.5,yes,2
490,A2M3FPQF852HW4,5,partial,0,0.3,9,1,3,7,,61,no,,,,,4.5,yes,2
491,A2M3FPQF852HW4,5,partial,1,0.3,9,1,,,,,,,4,6,33,4.5,yes,2
492,A2M3FPQF852HW4,6,full,0,0.7,1,9,10,0,,93,no,,,,,4.5,yes,2
493,A2M3FPQF852HW4,6,full,1,0.7,1,9,,,,,,,8,2,90,4.5,yes,2
494,A2M3FPQF852HW4,7,partial,0,0.3,1,9,0,10,,99,no,,,,,4.5,yes,2
495,A2M3FPQF852HW4,7,partial,1,0.3,1,9,,,,,,,4,6,3,4.5,yes,2
496,A2M3FPQF852HW4,8,partial,0,0.7,9,1,7,3,,64,no,,,,,4.5,yes,2
497,A2M3FPQF852HW4,8,partial,1,0.7,9,1,,,,,,,6,4,75,4.5,yes,2
498,A2M3FPQF852HW4,9,full,0,0.3,9,1,0,10,,96,no,,,,,4.5,yes,2
499,A2M3FPQF852HW4,9,full,1,0.3,9,1,,,,,,,4,6,57,4.5,yes,2
500,A2MGCMFBQV8FLH,0,full,0,0.3,1,9,5,5,,25,no,,,,,4.1,yes,2
501,A2MGCMFBQV8FLH,0,full,1,0.3,1,9,,,,,,,2,8,6,4.1,yes,2
502,A2MGCMFBQV8FLH,1,full,0,0.3,9,1,0,10,,99,no,,,,,4.1,yes,2
503,A2MGCMFBQV8FLH,1,full,1,0.3,9,1,,,,,,,4,6,23,4.1,yes,2
504,A2MGCMFBQV8FLH,2,partial,0,0.3,9,1,3,7,,50,no,,,,,4.1,yes,2
505,A2MGCMFBQV8FLH,2,partial,1,0.3,9,1,,,,,,,4,6,70,4.1,yes,2
506,A2MGCMFBQV8FLH,3,full,0,0.7,9,1,5,5,,50,no,,,,,4.1,yes,2
507,A2MGCMFBQV8FLH,3,full,1,0.7,9,1,,,,,,,8,2,88,4.1,yes,2
508,A2MGCMFBQV8FLH,4,partial,0,0.3,1,9,0,10,,74,no,,,,,4.1,yes,2
509,A2MGCMFBQV8FLH,4,partial,1,0.3,1,9,,,,,,,4,6,13,4.1,yes,2
510,A2MGCMFBQV8FLH,5,partial,0,0.7,9,1,10,0,,97,no,,,,,4.1,yes,2
511,A2MGCMFBQV8FLH,5,partial,1,0.7,9,1,,,,,,,8,2,100,4.1,yes,2
512,A2MGCMFBQV8FLH,6,full,0,0.7,1,9,10,0,,72,no,,,,,4.1,yes,2
513,A2MGCMFBQV8FLH,6,full,1,0.7,1,9,,,,,,,8,2,100,4.1,yes,2
514,A2MGCMFBQV8FLH,7,partial,0,0.7,1,9,7,3,100,0,yes,,,,,4.1,yes,2
515,A2MGCMFBQV8FLH,7,partial,1,0.7,1,9,,,,,,,6,4,93,4.1,yes,2
516,A2MGCMFBQV8FLH,8,partial,0,0.3,1,9,3,7,0,0,yes,,,,,4.1,yes,2
517,A2MGCMFBQV8FLH,8,partial,1,0.3,1,9,,,,,,,4,6,14,4.1,yes,2
518,A2MGCMFBQV8FLH,9,partial,0,0.7,9,1,7,3,,29,no,,,,,4.1,yes,2
519,A2MGCMFBQV8FLH,9,partial,1,0.7,9,1,,,,,,,6,4,78,4.1,yes,2
520,A2ONILC0LZKG6Y,0,partial,0,0.3,1,9,0,10,,25,no,,,,,3.6,yes,2
521,A2ONILC0LZKG6Y,0,partial,1,0.3,1,9,,,,,,,4,6,13,3.6,yes,2
522,A2ONILC0LZKG6Y,1,partial,0,0.3,9,1,3,7,,77,no,,,,,3.6,yes,2
523,A2ONILC0LZKG6Y,1,partial,1,0.3,9,1,,,,,,,4,6,34,3.6,yes,2
524,A2ONILC0LZKG6Y,2,full,0,0.3,1,9,5,5,0,0,yes,,,,,3.6,yes,2
525,A2ONILC0LZKG6Y,2,full,1,0.3,1,9,,,,,,,2,8,38,3.6,yes,2
526,A2ONILC0LZKG6Y,3,partial,0,0.3,1,9,3,7,,69,no,,,,,3.6,yes,2
527,A2ONILC0LZKG6Y,3,partial,1,0.3,1,9,,,,,,,4,6,15,3.6,yes,2
528,A2ONILC0LZKG6Y,4,full,0,0.7,9,1,5,5,100,56,yes,,,,,3.6,yes,2
529,A2ONILC0LZKG6Y,4,full,1,0.7,9,1,,,,,,,8,2,56,3.6,yes,2
530,A2ONILC0LZKG6Y,5,partial,0,0.7,1,9,7,3,,9,no,,,,,3.6,yes,2
531,A2ONILC0LZKG6Y,5,partial,1,0.7,1,9,,,,,,,6,4,14,3.6,yes,2
532,A2ONILC0LZKG6Y,6,partial,0,0.7,9,1,7,3,,13,no,,,,,3.6,yes,2
533,A2ONILC0LZKG6Y,6,partial,1,0.7,9,1,,,,,,,6,4,28,3.6,yes,2
534,A2ONILC0LZKG6Y,7,full,0,0.7,1,9,10,0,,43,no,,,,,3.6,yes,2
535,A2ONILC0LZKG6Y,7,full,1,0.7,1,9,,,,,,,8,2,54,3.6,yes,2
536,A2ONILC0LZKG6Y,8,partial,0,0.7,9,1,10,0,,38,no,,,,,3.6,yes,2
537,A2ONILC0LZKG6Y,8,partial,1,0.7,9,1,,,,,,,8,2,86,3.6,yes,2
538,A2ONILC0LZKG6Y,9,full,0,0.3,9,1,0,10,,33,no,,,,,3.6,yes,2
539,A2ONILC0LZKG6Y,9,full,1,0.3,9,1,,,,,,,4,6,48,3.6,yes,2
540,A2PPTQXFVA9H38,0,full,0,0.3,1,9,5,5,,0,no,,,,,4.0,yes,2
541,A2PPTQXFVA9H38,0,full,1,0.3,1,9,,,,,,,2,8,0,4.0,yes,2
542,A2PPTQXFVA9H38,1,partial,0,0.7,9,1,7,3,,93,no,,,,,4.0,yes,2
543,A2PPTQXFVA9H38,1,partial,1,0.7,9,1,,,,,,,6,4,100,4.0,yes,2
544,A2PPTQXFVA9H38,2,partial,0,0.3,1,9,3,7,,21,no,,,,,4.0,yes,2
545,A2PPTQXFVA9H38,2,partial,1,0.3,1,9,,,,,,,4,6,0,4.0,yes,2
546,A2PPTQXFVA9H38,3,full,0,0.7,9,1,5,5,,0,no,,,,,4.0,yes,2
547,A2PPTQXFVA9H38,3,full,1,0.7,9,1,,,,,,,8,2,100,4.0,yes,2
548,A2PPTQXFVA9H38,4,partial,0,0.7,9,1,10,0,,100,no,,,,,4.0,yes,2
549,A2PPTQXFVA9H38,4,partial,1,0.7,9,1,,,,,,,8,2,100,4.0,yes,2
550,A2PPTQXFVA9H38,5,full,0,0.7,1,9,10,0,,100,no,,,,,4.0,yes,2
551,A2PPTQXFVA9H38,5,full,1,0.7,1,9,,,,,,,8,2,100,4.0,yes,2
552,A2PPTQXFVA9H38,6,partial,0,0.7,1,9,7,3,,0,no,,,,,4.0,yes,2
553,A2PPTQXFVA9H38,6,partial,1,0.7,1,9,,,,,,,6,4,0,4.0,yes,2
554,A2PPTQXFVA9H38,7,full,0,0.3,9,1,0,10,,0,no,,,,,4.0,yes,2
555,A2PPTQXFVA9H38,7,full,1,0.3,9,1,,,,,,,4,6,0,4.0,yes,2
556,A2PPTQXFVA9H38,8,partial,0,0.3,9,1,3,7,,0,no,,,,,4.0,yes,2
557,A2PPTQXFVA9H38,8,partial,1,0.3,9,1,,,,,,,4,6,100,4.0,yes,2
558,A2PPTQXFVA9H38,9,partial,0,0.3,1,9,0,10,,100,no,,,,,4.0,yes,2
559,A2PPTQXFVA9H38,9,partial,1,0.3,1,9,,,,,,,4,6,0,4.0,yes,2
560,A2PTABUVOUYAH5,0,full,0,0.7,1,9,10,0,,75,no,,,,,5.0,yes,2
561,A2PTABUVOUYAH5,0,full,1,0.7,1,9,,,,,,,8,2,87,5.0,yes,2
562,A2PTABUVOUYAH5,1,partial,0,0.3,1,9,0,10,,11,no,,,,,5.0,yes,2
563,A2PTABUVOUYAH5,1,partial,1,0.3,1,9,,,,,,,4,6,0,5.0,yes,2
564,A2PTABUVOUYAH5,2,partial,0,0.3,1,9,3,7,,20,no,,,,,5.0,yes,2
565,A2PTABUVOUYAH5,2,partial,1,0.3,1,9,,,,,,,4,6,0,5.0,yes,2
566,A2PTABUVOUYAH5,3,partial,0,0.7,1,9,7,3,,29,no,,,,,5.0,yes,2
567,A2PTABUVOUYAH5,3,partial,1,0.7,1,9,,,,,,,6,4,89,5.0,yes,2
568,A2PTABUVOUYAH5,4,full,0,0.3,9,1,0,10,,83,no,,,,,5.0,yes,2
569,A2PTABUVOUYAH5,4,full,1,0.3,9,1,,,,,,,4,6,17,5.0,yes,2
570,A2PTABUVOUYAH5,5,full,0,0.3,1,9,5,5,,21,no,,,,,5.0,yes,2
571,A2PTABUVOUYAH5,5,full,1,0.3,1,9,,,,,,,2,8,1,5.0,yes,2
572,A2PTABUVOUYAH5,6,partial,0,0.7,9,1,10,0,,6,no,,,,,5.0,yes,2
573,A2PTABUVOUYAH5,6,partial,1,0.7,9,1,,,,,,,8,2,98,5.0,yes,2
574,A2PTABUVOUYAH5,7,partial,0,0.7,9,1,7,3,,26,no,,,,,5.0,yes,2
575,A2PTABUVOUYAH5,7,partial,1,0.7,9,1,,,,,,,6,4,80,5.0,yes,2
576,A2PTABUVOUYAH5,8,full,0,0.7,9,1,5,5,,50,no,,,,,5.0,yes,2
577,A2PTABUVOUYAH5,8,full,1,0.7,9,1,,,,,,,8,2,84,5.0,yes,2
578,A2PTABUVOUYAH5,9,partial,0,0.3,9,1,3,7,,78,no,,,,,5.0,yes,2
579,A2PTABUVOUYAH5,9,partial,1,0.3,9,1,,,,,,,4,6,24,5.0,yes,2
580,A2T1LNI80EPOQR,0,partial,0,0.3,9,1,3,7,,0,no,,,,,4.0,yes,2
581,A2T1LNI80EPOQR,0,partial,1,0.3,9,1,,,,,,,4,6,100,4.0,yes,2
582,A2T1LNI80EPOQR,1,full,0,0.3,9,1,0,10,,54,no,,,,,4.0,yes,2
583,A2T1LNI80EPOQR,1,full,1,0.3,9,1,,,,,,,4,6,0,4.0,yes,2
584,A2T1LNI80EPOQR,2,partial,0,0.7,9,1,7,3,,51,no,,,,,4.0,yes,2
585,A2T1LNI80EPOQR,2,partial,1,0.7,9,1,,,,,,,6,4,100,4.0,yes,2
586,A2T1LNI80EPOQR,3,partial,0,0.7,9,1,10,0,,50,no,,,,,4.0,yes,2
587,A2T1LNI80EPOQR,3,partial,1,0.7,9,1,,,,,,,8,2,100,4.0,yes,2
588,A2T1LNI80EPOQR,4,partial,0,0.3,1,9,0,10,,0,no,,,,,4.0,yes,2
589,A2T1LNI80EPOQR,4,partial,1,0.3,1,9,,,,,,,4,6,0,4.0,yes,2
590,A2T1LNI80EPOQR,5,full,0,0.3,1,9,5,5,,0,no,,,,,4.0,yes,2
591,A2T1LNI80EPOQR,5,full,1,0.3,1,9,,,,,,,2,8,100,4.0,yes,2
592,A2T1LNI80EPOQR,6,full,0,0.7,9,1,5,5,,0,no,,,,,4.0,yes,2
593,A2T1LNI80EPOQR,6,full,1,0.7,9,1,,,,,,,8,2,100,4.0,yes,2
594,A2T1LNI80EPOQR,7,partial,0,0.7,1,9,7,3,,0,no,,,,,4.0,yes,2
595,A2T1LNI80EPOQR,7,partial,1,0.7,1,9,,,,,,,6,4,100,4.0,yes,2
596,A2T1LNI80EPOQR,8,partial,0,0.3,1,9,3,7,,100,no,,,,,4.0,yes,2
597,A2T1LNI80EPOQR,8,partial,1,0.3,1,9,,,,,,,4,6,0,4.0,yes,2
598,A2T1LNI80EPOQR,9,full,0,0.7,1,9,10,0,,0,no,,,,,4.0,yes,2
599,A2T1LNI80EPOQR,9,full,1,0.7,1,9,,,,,,,8,2,100,4.0,yes,2
600,A2Z6NL0CTXY0ZB,0,partial,0,0.7,9,1,7,3,,100,no,,,,,2.8,yes,2
601,A2Z6NL0CTXY0ZB,0,partial,1,0.7,9,1,,,,,,,6,4,100,2.8,yes,2
602,A2Z6NL0CTXY0ZB,1,full,0,0.3,1,9,5,5,,0,no,,,,,2.8,yes,2
603,A2Z6NL0CTXY0ZB,1,full,1,0.3,1,9,,,,,,,2,8,0,2.8,yes,2
604,A2Z6NL0CTXY0ZB,2,full,0,0.7,1,9,10,0,100,0,yes,,,,,2.8,yes,2
605,A2Z6NL0CTXY0ZB,2,full,1,0.7,1,9,,,,,,,8,2,100,2.8,yes,2
606,A2Z6NL0CTXY0ZB,3,partial,0,0.3,1,9,0,10,,0,no,,,,,2.8,yes,2
607,A2Z6NL0CTXY0ZB,3,partial,1,0.3,1,9,,,,,,,4,6,0,2.8,yes,2
608,A2Z6NL0CTXY0ZB,4,partial,0,0.3,9,1,3,7,,0,no,,,,,2.8,yes,2
609,A2Z6NL0CTXY0ZB,4,partial,1,0.3,9,1,,,,,,,4,6,88,2.8,yes,2
610,A2Z6NL0CTXY0ZB,5,partial,0,0.7,1,9,7,3,,0,no,,,,,2.8,yes,2
611,A2Z6NL0CTXY0ZB,5,partial,1,0.7,1,9,,,,,,,6,4,100,2.8,yes,2
612,A2Z6NL0CTXY0ZB,6,full,0,0.3,9,1,0,10,,0,no,,,,,2.8,yes,2
613,A2Z6NL0CTXY0ZB,6,full,1,0.3,9,1,,,,,,,4,6,91,2.8,yes,2
614,A2Z6NL0CTXY0ZB,7,partial,0,0.3,1,9,3,7,,79,no,,,,,2.8,yes,2
615,A2Z6NL0CTXY0ZB,7,partial,1,0.3,1,9,,,,,,,4,6,100,2.8,yes,2
616,A2Z6NL0CTXY0ZB,8,partial,0,0.7,9,1,10,0,,0,no,,,,,2.8,yes,2
617,A2Z6NL0CTXY0ZB,8,partial,1,0.7,9,1,,,,,,,8,2,5,2.8,yes,2
618,A2Z6NL0CTXY0ZB,9,full,0,0.7,9,1,5,5,,100,no,,,,,2.8,yes,2
619,A2Z6NL0CTXY0ZB,9,full,1,0.7,9,1,,,,,,,8,2,85,2.8,yes,2
620,A32JEH06T23HDF,0,full,0,0.7,1,9,10,0,88,0,yes,,,,,3.7,yes,2
621,A32JEH06T23HDF,0,full,1,0.7,1,9,,,,,,,8,2,100,3.7,yes,2
622,A32JEH06T23HDF,1,partial,0,0.3,1,9,3,7,0,50,yes,,,,,3.7,yes,2
623,A32JEH06T23HDF,1,partial,1,0.3,1,9,,,,,,,4,6,42,3.7,yes,2
624,A32JEH06T23HDF,2,partial,0,0.7,9,1,10,0,100,100,yes,,,,,3.7,yes,2
625,A32JEH06T23HDF,2,partial,1,0.7,9,1,,,,,,,8,2,100,3.7,yes,2
626,A32JEH06T23HDF,3,full,0,0.3,9,1,0,10,,100,no,,,,,3.7,yes,2
627,A32JEH06T23HDF,3,full,1,0.3,9,1,,,,,,,4,6,79,3.7,yes,2
628,A32JEH06T23HDF,4,full,0,0.7,9,1,5,5,,36,no,,,,,3.7,yes,2
629,A32JEH06T23HDF,4,full,1,0.7,9,1,,,,,,,8,2,100,3.7,yes,2
630,A32JEH06T23HDF,5,partial,0,0.7,9,1,7,3,,100,no,,,,,3.7,yes,2
631,A32JEH06T23HDF,5,partial,1,0.7,9,1,,,,,,,6,4,86,3.7,yes,2
632,A32JEH06T23HDF,6,partial,0,0.3,9,1,3,7,79,13,yes,,,,,3.7,yes,2
633,A32JEH06T23HDF,6,partial,1,0.3,9,1,,,,,,,4,6,13,3.7,yes,2
634,A32JEH06T23HDF,7,full,0,0.3,1,9,5,5,,21,no,,,,,3.7,yes,2
635,A32JEH06T23HDF,7,full,1,0.3,1,9,,,,,,,2,8,0,3.7,yes,2
636,A32JEH06T23HDF,8,partial,0,0.3,1,9,0,10,,100,no,,,,,3.7,yes,2
637,A32JEH06T23HDF,8,partial,1,0.3,1,9,,,,,,,4,6,0,3.7,yes,2
638,A32JEH06T23HDF,9,partial,0,0.7,1,9,7,3,,97,no,,,,,3.7,yes,2
639,A32JEH06T23HDF,9,partial,1,0.7,1,9,,,,,,,6,4,73,3.7,yes,2
640,A345ZKNQSVPJ6G,0,partial,0,0.3,1,9,3,7,,16,no,,,,,3.5,yes,2
641,A345ZKNQSVPJ6G,0,partial,1,0.3,1,9,,,,,,,4,6,100,3.5,yes,2
642,A345ZKNQSVPJ6G,1,partial,0,0.7,1,9,7,3,,80,no,,,,,3.5,yes,2
643,A345ZKNQSVPJ6G,1,partial,1,0.7,1,9,,,,,,,6,4,98,3.5,yes,2
644,A345ZKNQSVPJ6G,2,full,0,0.7,1,9,10,0,,75,no,,,,,3.5,yes,2
645,A345ZKNQSVPJ6G,2,full,1,0.7,1,9,,,,,,,8,2,99,3.5,yes,2
646,A345ZKNQSVPJ6G,3,partial,0,0.3,1,9,0,10,,14,no,,,,,3.5,yes,2
647,A345ZKNQSVPJ6G,3,partial,1,0.3,1,9,,,,,,,4,6,1,3.5,yes,2
648,A345ZKNQSVPJ6G,4,full,0,0.7,9,1,5,5,,79,no,,,,,3.5,yes,2
649,A345ZKNQSVPJ6G,4,full,1,0.7,9,1,,,,,,,8,2,94,3.5,yes,2
650,A345ZKNQSVPJ6G,5,full,0,0.3,9,1,0,10,,21,no,,,,,3.5,yes,2
651,A345ZKNQSVPJ6G,5,full,1,0.3,9,1,,,,,,,4,6,4,3.5,yes,2
652,A345ZKNQSVPJ6G,6,partial,0,0.3,9,1,3,7,,87,no,,,,,3.5,yes,2
653,A345ZKNQSVPJ6G,6,partial,1,0.3,9,1,,,,,,,4,6,78,3.5,yes,2
654,A345ZKNQSVPJ6G,7,partial,0,0.7,9,1,10,0,,7,no,,,,,3.5,yes,2
655,A345ZKNQSVPJ6G,7,partial,1,0.7,9,1,,,,,,,8,2,96,3.5,yes,2
656,A345ZKNQSVPJ6G,8,full,0,0.3,1,9,5,5,,93,no,,,,,3.5,yes,2
657,A345ZKNQSVPJ6G,8,full,1,0.3,1,9,,,,,,,2,8,97,3.5,yes,2
658,A345ZKNQSVPJ6G,9,partial,0,0.7,9,1,7,3,,18,no,,,,,3.5,yes,2
659,A345ZKNQSVPJ6G,9,partial,1,0.7,9,1,,,,,,,6,4,95,3.5,yes,2
660,A35O3H71CM4LVZ,0,partial,0,0.3,1,9,3,7,,37,no,,,,,3.3,yes,2
661,A35O3H71CM4LVZ,0,partial,1,0.3,1,9,,,,,,,4,6,22,3.3,yes,2
662,A35O3H71CM4LVZ,1,partial,0,0.7,1,9,7,3,,50,no,,,,,3.3,yes,2
663,A35O3H71CM4LVZ,1,partial,1,0.7,1,9,,,,,,,6,4,50,3.3,yes,2
664,A35O3H71CM4LVZ,2,partial,0,0.3,9,1,3,7,,50,no,,,,,3.3,yes,2
665,A35O3H71CM4LVZ,2,partial,1,0.3,9,1,,,,,,,4,6,63,3.3,yes,2
666,A35O3H71CM4LVZ,3,partial,0,0.3,1,9,0,10,,50,no,,,,,3.3,yes,2
667,A35O3H71CM4LVZ,3,partial,1,0.3,1,9,,,,,,,4,6,0,3.3,yes,2
668,A35O3H71CM4LVZ,4,full,0,0.3,9,1,0,10,,50,no,,,,,3.3,yes,2
669,A35O3H71CM4LVZ,4,full,1,0.3,9,1,,,,,,,4,6,50,3.3,yes,2
670,A35O3H71CM4LVZ,5,full,0,0.3,1,9,5,5,,54,no,,,,,3.3,yes,2
671,A35O3H71CM4LVZ,5,full,1,0.3,1,9,,,,,,,2,8,7,3.3,yes,2
672,A35O3H71CM4LVZ,6,partial,0,0.7,9,1,10,0,,50,no,,,,,3.3,yes,2
673,A35O3H71CM4LVZ,6,partial,1,0.7,9,1,,,,,,,8,2,100,3.3,yes,2
674,A35O3H71CM4LVZ,7,full,0,0.7,1,9,10,0,43,50,yes,,,,,3.3,yes,2
675,A35O3H71CM4LVZ,7,full,1,0.7,1,9,,,,,,,8,2,62,3.3,yes,2
676,A35O3H71CM4LVZ,8,full,0,0.7,9,1,5,5,,50,no,,,,,3.3,yes,2
677,A35O3H71CM4LVZ,8,full,1,0.7,9,1,,,,,,,8,2,71,3.3,yes,2
678,A35O3H71CM4LVZ,9,partial,0,0.7,9,1,7,3,,52,no,,,,,3.3,yes,2
679,A35O3H71CM4LVZ,9,partial,1,0.7,9,1,,,,,,,6,4,56,3.3,yes,2
680,A36470UBRH28GO,0,full,0,0.3,1,9,5,5,,50,no,,,,,4.1,yes,2
681,A36470UBRH28GO,0,full,1,0.3,1,9,,,,,,,2,8,24,4.1,yes,2
682,A36470UBRH28GO,1,full,0,0.7,1,9,10,0,,61,no,,,,,4.1,yes,2
683,A36470UBRH28GO,1,full,1,0.7,1,9,,,,,,,8,2,25,4.1,yes,2
684,A36470UBRH28GO,2,partial,0,0.7,9,1,7,3,94,62,yes,,,,,4.1,yes,2
685,A36470UBRH28GO,2,partial,1,0.7,9,1,,,,,,,6,4,99,4.1,yes,2
686,A36470UBRH28GO,3,partial,0,0.7,1,9,7,3,50,50,yes,,,,,4.1,yes,2
687,A36470UBRH28GO,3,partial,1,0.7,1,9,,,,,,,6,4,77,4.1,yes,2
688,A36470UBRH28GO,4,full,0,0.3,9,1,0,10,,58,no,,,,,4.1,yes,2
689,A36470UBRH28GO,4,full,1,0.3,9,1,,,,,,,4,6,37,4.1,yes,2
690,A36470UBRH28GO,5,partial,0,0.3,1,9,0,10,,50,no,,,,,4.1,yes,2
691,A36470UBRH28GO,5,partial,1,0.3,1,9,,,,,,,4,6,0,4.1,yes,2
692,A36470UBRH28GO,6,partial,0,0.3,1,9,3,7,,57,no,,,,,4.1,yes,2
693,A36470UBRH28GO,6,partial,1,0.3,1,9,,,,,,,4,6,0,4.1,yes,2
694,A36470UBRH28GO,7,partial,0,0.3,9,1,3,7,,41,no,,,,,4.1,yes,2
695,A36470UBRH28GO,7,partial,1,0.3,9,1,,,,,,,4,6,28,4.1,yes,2
696,A36470UBRH28GO,8,partial,0,0.7,9,1,10,0,,63,no,,,,,4.1,yes,2
697,A36470UBRH28GO,8,partial,1,0.7,9,1,,,,,,,8,2,100,4.1,yes,2
698,A36470UBRH28GO,9,full,0,0.7,9,1,5,5,,50,no,,,,,4.1,yes,2
699,A36470UBRH28GO,9,full,1,0.7,9,1,,,,,,,8,2,100,4.1,yes,2
700,A391RJ8646SYY1,0,partial,0,0.7,9,1,10,0,,24,no,,,,,3.6,yes,2
701,A391RJ8646SYY1,0,partial,1,0.7,9,1,,,,,,,8,2,100,3.6,yes,2
702,A391RJ8646SYY1,1,partial,0,0.7,9,1,7,3,,33,no,,,,,3.6,yes,2
703,A391RJ8646SYY1,1,partial,1,0.7,9,1,,,,,,,6,4,100,3.6,yes,2
704,A391RJ8646SYY1,2,full,0,0.7,1,9,10,0,,77,no,,,,,3.6,yes,2
705,A391RJ8646SYY1,2,full,1,0.7,1,9,,,,,,,8,2,100,3.6,yes,2
706,A391RJ8646SYY1,3,full,0,0.3,1,9,5,5,0,11,yes,,,,,3.6,yes,2
707,A391RJ8646SYY1,3,full,1,0.3,1,9,,,,,,,2,8,0,3.6,yes,2
708,A391RJ8646SYY1,4,partial,0,0.3,1,9,0,10,,36,no,,,,,3.6,yes,2
709,A391RJ8646SYY1,4,partial,1,0.3,1,9,,,,,,,4,6,0,3.6,yes,2
710,A391RJ8646SYY1,5,partial,0,0.3,9,1,3,7,,62,no,,,,,3.6,yes,2
711,A391RJ8646SYY1,5,partial,1,0.3,9,1,,,,,,,4,6,0,3.6,yes,2
712,A391RJ8646SYY1,6,partial,0,0.7,1,9,7,3,,63,no,,,,,3.6,yes,2
713,A391RJ8646SYY1,6,partial,1,0.7,1,9,,,,,,,6,4,0,3.6,yes,2
714,A391RJ8646SYY1,7,partial,0,0.3,1,9,3,7,,60,no,,,,,3.6,yes,2
715,A391RJ8646SYY1,7,partial,1,0.3,1,9,,,,,,,4,6,0,3.6,yes,2
716,A391RJ8646SYY1,8,full,0,0.7,9,1,5,5,,22,no,,,,,3.6,yes,2
717,A391RJ8646SYY1,8,full,1,0.7,9,1,,,,,,,8,2,0,3.6,yes,2
718,A391RJ8646SYY1,9,full,0,0.3,9,1,0,10,0,72,yes,,,,,3.6,yes,2
719,A391RJ8646SYY1,9,full,1,0.3,9,1,,,,,,,4,6,0,3.6,yes,2
720,A39KKDB8CFBGCC,0,full,0,0.7,1,9,10,0,6,98,yes,,,,,3.4,yes,2
721,A39KKDB8CFBGCC,0,full,1,0.7,1,9,,,,,,,8,2,100,3.4,yes,2
722,A39KKDB8CFBGCC,1,full,0,0.7,9,1,5,5,100,100,yes,,,,,3.4,yes,2
723,A39KKDB8CFBGCC,1,full,1,0.7,9,1,,,,,,,8,2,100,3.4,yes,2
724,A39KKDB8CFBGCC,2,partial,0,0.7,1,9,7,3,0,12,yes,,,,,3.4,yes,2
725,A39KKDB8CFBGCC,2,partial,1,0.7,1,9,,,,,,,6,4,37,3.4,yes,2
726,A39KKDB8CFBGCC,3,partial,0,0.7,9,1,7,3,,83,no,,,,,3.4,yes,2
727,A39KKDB8CFBGCC,3,partial,1,0.7,9,1,,,,,,,6,4,100,3.4,yes,2
728,A39KKDB8CFBGCC,4,full,0,0.3,1,9,5,5,,71,no,,,,,3.4,yes,2
729,A39KKDB8CFBGCC,4,full,1,0.3,1,9,,,,,,,2,8,0,3.4,yes,2
730,A39KKDB8CFBGCC,5,full,0,0.3,9,1,0,10,,100,no,,,,,3.4,yes,2
731,A39KKDB8CFBGCC,5,full,1,0.3,9,1,,,,,,,4,6,32,3.4,yes,2
732,A39KKDB8CFBGCC,6,partial,0,0.3,1,9,0,10,,0,no,,,,,3.4,yes,2
733,A39KKDB8CFBGCC,6,partial,1,0.3,1,9,,,,,,,4,6,0,3.4,yes,2
734,A39KKDB8CFBGCC,7,partial,0,0.7,9,1,10,0,,100,no,,,,,3.4,yes,2
735,A39KKDB8CFBGCC,7,partial,1,0.7,9,1,,,,,,,8,2,100,3.4,yes,2
736,A39KKDB8CFBGCC,8,partial,0,0.3,9,1,3,7,,50,no,,,,,3.4,yes,2
737,A39KKDB8CFBGCC,8,partial,1,0.3,9,1,,,,,,,4,6,52,3.4,yes,2
738,A39KKDB8CFBGCC,9,partial,0,0.3,1,9,3,7,,65,no,,,,,3.4,yes,2
739,A39KKDB8CFBGCC,9,partial,1,0.3,1,9,,,,,,,4,6,3,3.4,yes,2
740,A3ATU3VULAB7K2,0,partial,0,0.7,9,1,7,3,,9,no,,,,,4.0,yes,2
741,A3ATU3VULAB7K2,0,partial,1,0.7,9,1,,,,,,,6,4,100,4.0,yes,2
742,A3ATU3VULAB7K2,1,full,0,0.3,9,1,0,10,,62,no,,,,,4.0,yes,2
743,A3ATU3VULAB7K2,1,full,1,0.3,9,1,,,,,,,4,6,0,4.0,yes,2
744,A3ATU3VULAB7K2,2,partial,0,0.3,1,9,3,7,,77,no,,,,,4.0,yes,2
745,A3ATU3VULAB7K2,2,partial,1,0.3,1,9,,,,,,,4,6,0,4.0,yes,2
746,A3ATU3VULAB7K2,3,partial,0,0.7,9,1,10,0,,30,no,,,,,4.0,yes,2
747,A3ATU3VULAB7K2,3,partial,1,0.7,9,1,,,,,,,8,2,100,4.0,yes,2
748,A3ATU3VULAB7K2,4,partial,0,0.3,9,1,3,7,,50,no,,,,,4.0,yes,2
749,A3ATU3VULAB7K2,4,partial,1,0.3,9,1,,,,,,,4,6,100,4.0,yes,2
750,A3ATU3VULAB7K2,5,partial,0,0.7,1,9,7,3,,35,no,,,,,4.0,yes,2
751,A3ATU3VULAB7K2,5,partial,1,0.7,1,9,,,,,,,6,4,0,4.0,yes,2
752,A3ATU3VULAB7K2,6,full,0,0.3,1,9,5,5,,50,no,,,,,4.0,yes,2
753,A3ATU3VULAB7K2,6,full,1,0.3,1,9,,,,,,,2,8,0,4.0,yes,2
754,A3ATU3VULAB7K2,7,partial,0,0.3,1,9,0,10,,61,no,,,,,4.0,yes,2
755,A3ATU3VULAB7K2,7,partial,1,0.3,1,9,,,,,,,4,6,0,4.0,yes,2
756,A3ATU3VULAB7K2,8,full,0,0.7,9,1,5,5,,57,no,,,,,4.0,yes,2
757,A3ATU3VULAB7K2,8,full,1,0.7,9,1,,,,,,,8,2,100,4.0,yes,2
758,A3ATU3VULAB7K2,9,full,0,0.7,1,9,10,0,,100,no,,,,,4.0,yes,2
759,A3ATU3VULAB7K2,9,full,1,0.7,1,9,,,,,,,8,2,100,4.0,yes,2
760,A3CWEIEY3TGJFX,0,partial,0,0.7,9,1,10,0,,75,no,,,,,3.0,yes,2
761,A3CWEIEY3TGJFX,0,partial,1,0.7,9,1,,,,,,,8,2,100,3.0,yes,2
762,A3CWEIEY3TGJFX,1,partial,0,0.3,1,9,0,10,,83,no,,,,,3.0,yes,2
763,A3CWEIEY3TGJFX,1,partial,1,0.3,1,9,,,,,,,4,6,0,3.0,yes,2
764,A3CWEIEY3TGJFX,2,partial,0,0.3,1,9,3,7,,81,no,,,,,3.0,yes,2
765,A3CWEIEY3TGJFX,2,partial,1,0.3,1,9,,,,,,,4,6,9,3.0,yes,2
766,A3CWEIEY3TGJFX,3,partial,0,0.3,9,1,3,7,,9,no,,,,,3.0,yes,2
767,A3CWEIEY3TGJFX,3,partial,1,0.3,9,1,,,,,,,4,6,100,3.0,yes,2
768,A3CWEIEY3TGJFX,4,full,0,0.7,9,1,5,5,,11,no,,,,,3.0,yes,2
769,A3CWEIEY3TGJFX,4,full,1,0.7,9,1,,,,,,,8,2,100,3.0,yes,2
770,A3CWEIEY3TGJFX,5,partial,0,0.7,9,1,7,3,,83,no,,,,,3.0,yes,2
771,A3CWEIEY3TGJFX,5,partial,1,0.7,9,1,,,,,,,6,4,100,3.0,yes,2
772,A3CWEIEY3TGJFX,6,full,0,0.3,9,1,0,10,,0,no,,,,,3.0,yes,2
773,A3CWEIEY3TGJFX,6,full,1,0.3,9,1,,,,,,,4,6,100,3.0,yes,2
774,A3CWEIEY3TGJFX,7,partial,0,0.7,1,9,7,3,,13,no,,,,,3.0,yes,2
775,A3CWEIEY3TGJFX,7,partial,1,0.7,1,9,,,,,,,6,4,0,3.0,yes,2
776,A3CWEIEY3TGJFX,8,full,0,0.3,1,9,5,5,,0,no,,,,,3.0,yes,2
777,A3CWEIEY3TGJFX,8,full,1,0.3,1,9,,,,,,,2,8,0,3.0,yes,2
778,A3CWEIEY3TGJFX,9,full,0,0.7,1,9,10,0,,0,no,,,,,3.0,yes,2
779,A3CWEIEY3TGJFX,9,full,1,0.7,1,9,,,,,,,8,2,0,3.0,yes,2
780,A3DW6KSQPG6GVQ,0,partial,0,0.3,1,9,0,10,,68,no,,,,,4.0,yes,2
781,A3DW6KSQPG6GVQ,0,partial,1,0.3,1,9,,,,,,,4,6,0,4.0,yes,2
782,A3DW6KSQPG6GVQ,1,partial,0,0.7,9,1,7,3,,11,no,,,,,4.0,yes,2
783,A3DW6KSQPG6GVQ,1,partial,1,0.7,9,1,,,,,,,6,4,100,4.0,yes,2
784,A3DW6KSQPG6GVQ,2,full,0,0.7,1,9,10,0,,16,no,,,,,4.0,yes,2
785,A3DW6KSQPG6GVQ,2,full,1,0.7,1,9,,,,,,,8,2,100,4.0,yes,2
786,A3DW6KSQPG6GVQ,3,full,0,0.3,9,1,0,10,,16,no,,,,,4.0,yes,2
787,A3DW6KSQPG6GVQ,3,full,1,0.3,9,1,,,,,,,4,6,0,4.0,yes,2
788,A3DW6KSQPG6GVQ,4,full,0,0.3,1,9,5,5,,81,no,,,,,4.0,yes,2
789,A3DW6KSQPG6GVQ,4,full,1,0.3,1,9,,,,,,,2,8,0,4.0,yes,2
790,A3DW6KSQPG6GVQ,5,full,0,0.7,9,1,5,5,,72,no,,,,,4.0,yes,2
791,A3DW6KSQPG6GVQ,5,full,1,0.7,9,1,,,,,,,8,2,100,4.0,yes,2
792,A3DW6KSQPG6GVQ,6,partial,0,0.7,1,9,7,3,,88,no,,,,,4.0,yes,2
793,A3DW6KSQPG6GVQ,6,partial,1,0.7,1,9,,,,,,,6,4,2,4.0,yes,2
794,A3DW6KSQPG6GVQ,7,partial,0,0.3,9,1,3,7,,73,no,,,,,4.0,yes,2
795,A3DW6KSQPG6GVQ,7,partial,1,0.3,9,1,,,,,,,4,6,100,4.0,yes,2
796,A3DW6KSQPG6GVQ,8,partial,0,0.3,1,9,3,7,,69,no,,,,,4.0,yes,2
797,A3DW6KSQPG6GVQ,8,partial,1,0.3,1,9,,,,,,,4,6,0,4.0,yes,2
798,A3DW6KSQPG6GVQ,9,partial,0,0.7,9,1,10,0,,79,no,,,,,4.0,yes,2
799,A3DW6KSQPG6GVQ,9,partial,1,0.7,9,1,,,,,,,8,2,100,4.0,yes,2
800,A3QJJR5Y3XE92N,0,partial,0,0.7,1,9,7,3,100,20,yes,,,,,4.2,yes,2
801,A3QJJR5Y3XE92N,0,partial,1,0.7,1,9,,,,,,,6,4,100,4.2,yes,2
802,A3QJJR5Y3XE92N,1,partial,0,0.3,1,9,3,7,,44,no,,,,,4.2,yes,2
803,A3QJJR5Y3XE92N,1,partial,1,0.3,1,9,,,,,,,4,6,0,4.2,yes,2
804,A3QJJR5Y3XE92N,2,full,0,0.7,1,9,10,0,,85,no,,,,,4.2,yes,2
805,A3QJJR5Y3XE92N,2,full,1,0.7,1,9,,,,,,,8,2,100,4.2,yes,2
806,A3QJJR5Y3XE92N,3,partial,0,0.7,9,1,7,3,,23,no,,,,,4.2,yes,2
807,A3QJJR5Y3XE92N,3,partial,1,0.7,9,1,,,,,,,6,4,100,4.2,yes,2
808,A3QJJR5Y3XE92N,4,partial,0,0.3,1,9,0,10,,0,no,,,,,4.2,yes,2
809,A3QJJR5Y3XE92N,4,partial,1,0.3,1,9,,,,,,,4,6,0,4.2,yes,2
810,A3QJJR5Y3XE92N,5,partial,0,0.3,9,1,3,7,0,66,yes,,,,,4.2,yes,2
811,A3QJJR5Y3XE92N,5,partial,1,0.3,9,1,,,,,,,4,6,0,4.2,yes,2
812,A3QJJR5Y3XE92N,6,partial,0,0.7,9,1,10,0,,0,no,,,,,4.2,yes,2
813,A3QJJR5Y3XE92N,6,partial,1,0.7,9,1,,,,,,,8,2,100,4.2,yes,2
814,A3QJJR5Y3XE92N,7,full,0,0.7,9,1,5,5,100,55,yes,,,,,4.2,yes,2
815,A3QJJR5Y3XE92N,7,full,1,0.7,9,1,,,,,,,8,2,100,4.2,yes,2
816,A3QJJR5Y3XE92N,8,full,0,0.3,9,1,0,10,,64,no,,,,,4.2,yes,2
817,A3QJJR5Y3XE92N,8,full,1,0.3,9,1,,,,,,,4,6,0,4.2,yes,2
818,A3QJJR5Y3XE92N,9,full,0,0.3,1,9,5,5,0,57,yes,,,,,4.2,yes,2
819,A3QJJR5Y3XE92N,9,full,1,0.3,1,9,,,,,,,2,8,0,4.2,yes,2
820,A3UJSDFJ9LBQ6Z,0,full,0,0.7,1,9,10,0,,100,no,,,,,5.0,yes,2
821,A3UJSDFJ9LBQ6Z,0,full,1,0.7,1,9,,,,,,,8,2,100,5.0,yes,2
822,A3UJSDFJ9LBQ6Z,1,full,0,0.7,9,1,5,5,,0,no,,,,,5.0,yes,2
823,A3UJSDFJ9LBQ6Z,1,full,1,0.7,9,1,,,,,,,8,2,100,5.0,yes,2
824,A3UJSDFJ9LBQ6Z,2,partial,0,0.3,1,9,0,10,,0,no,,,,,5.0,yes,2
825,A3UJSDFJ9LBQ6Z,2,partial,1,0.3,1,9,,,,,,,4,6,0,5.0,yes,2
826,A3UJSDFJ9LBQ6Z,3,partial,0,0.7,9,1,7,3,,100,no,,,,,5.0,yes,2
827,A3UJSDFJ9LBQ6Z,3,partial,1,0.7,9,1,,,,,,,6,4,100,5.0,yes,2
828,A3UJSDFJ9LBQ6Z,4,partial,0,0.7,9,1,10,0,,0,no,,,,,5.0,yes,2
829,A3UJSDFJ9LBQ6Z,4,partial,1,0.7,9,1,,,,,,,8,2,100,5.0,yes,2
830,A3UJSDFJ9LBQ6Z,5,partial,0,0.7,1,9,7,3,,0,no,,,,,5.0,yes,2
831,A3UJSDFJ9LBQ6Z,5,partial,1,0.7,1,9,,,,,,,6,4,100,5.0,yes,2
832,A3UJSDFJ9LBQ6Z,6,full,0,0.3,1,9,5,5,,0,no,,,,,5.0,yes,2
833,A3UJSDFJ9LBQ6Z,6,full,1,0.3,1,9,,,,,,,2,8,0,5.0,yes,2
834,A3UJSDFJ9LBQ6Z,7,partial,0,0.3,9,1,3,7,,100,no,,,,,5.0,yes,2
835,A3UJSDFJ9LBQ6Z,7,partial,1,0.3,9,1,,,,,,,4,6,0,5.0,yes,2
836,A3UJSDFJ9LBQ6Z,8,partial,0,0.3,1,9,3,7,,100,no,,,,,5.0,yes,2
837,A3UJSDFJ9LBQ6Z,8,partial,1,0.3,1,9,,,,,,,4,6,0,5.0,yes,2
838,A3UJSDFJ9LBQ6Z,9,full,0,0.3,9,1,0,10,,100,no,,,,,5.0,yes,2
839,A3UJSDFJ9LBQ6Z,9,full,1,0.3,9,1,,,,,,,4,6,0,5.0,yes,2
840,A5NE8TWS8ZV7B,0,full,0,0.3,1,9,5,5,,20,no,,,,,5.0,yes,2
841,A5NE8TWS8ZV7B,0,full,1,0.3,1,9,,,,,,,2,8,0,5.0,yes,2
842,A5NE8TWS8ZV7B,1,partial,0,0.7,9,1,7,3,,50,no,,,,,5.0,yes,2
843,A5NE8TWS8ZV7B,1,partial,1,0.7,9,1,,,,,,,6,4,100,5.0,yes,2
844,A5NE8TWS8ZV7B,2,partial,0,0.7,9,1,10,0,,26,no,,,,,5.0,yes,2
845,A5NE8TWS8ZV7B,2,partial,1,0.7,9,1,,,,,,,8,2,100,5.0,yes,2
846,A5NE8TWS8ZV7B,3,full,0,0.7,1,9,10,0,,81,no,,,,,5.0,yes,2
847,A5NE8TWS8ZV7B,3,full,1,0.7,1,9,,,,,,,8,2,100,5.0,yes,2
848,A5NE8TWS8ZV7B,4,partial,0,0.3,1,9,0,10,,50,no,,,,,5.0,yes,2
849,A5NE8TWS8ZV7B,4,partial,1,0.3,1,9,,,,,,,4,6,0,5.0,yes,2
850,A5NE8TWS8ZV7B,5,partial,0,0.3,1,9,3,7,,50,no,,,,,5.0,yes,2
851,A5NE8TWS8ZV7B,5,partial,1,0.3,1,9,,,,,,,4,6,0,5.0,yes,2
852,A5NE8TWS8ZV7B,6,partial,0,0.3,9,1,3,7,,80,no,,,,,5.0,yes,2
853,A5NE8TWS8ZV7B,6,partial,1,0.3,9,1,,,,,,,4,6,0,5.0,yes,2
854,A5NE8TWS8ZV7B,7,full,0,0.3,9,1,0,10,,74,no,,,,,5.0,yes,2
855,A5NE8TWS8ZV7B,7,full,1,0.3,9,1,,,,,,,4,6,0,5.0,yes,2
856,A5NE8TWS8ZV7B,8,partial,0,0.7,1,9,7,3,,74,no,,,,,5.0,yes,2
857,A5NE8TWS8ZV7B,8,partial,1,0.7,1,9,,,,,,,6,4,100,5.0,yes,2
858,A5NE8TWS8ZV7B,9,full,0,0.7,9,1,5,5,,22,no,,,,,5.0,yes,2
859,A5NE8TWS8ZV7B,9,full,1,0.7,9,1,,,,,,,8,2,100,5.0,yes,2
860,A5P12YJP805RG,0,full,0,0.7,1,9,10,0,,25,no,,,,,4.0,yes,2
861,A5P12YJP805RG,0,full,1,0.7,1,9,,,,,,,8,2,79,4.0,yes,2
862,A5P12YJP805RG,1,partial,0,0.7,9,1,7,3,,76,no,,,,,4.0,yes,2
863,A5P12YJP805RG,1,partial,1,0.7,9,1,,,,,,,6,4,100,4.0,yes,2
864,A5P12YJP805RG,2,partial,0,0.3,1,9,3,7,,65,no,,,,,4.0,yes,2
865,A5P12YJP805RG,2,partial,1,0.3,1,9,,,,,,,4,6,0,4.0,yes,2
866,A5P12YJP805RG,3,partial,0,0.3,1,9,0,10,,83,no,,,,,4.0,yes,2
867,A5P12YJP805RG,3,partial,1,0.3,1,9,,,,,,,4,6,11,4.0,yes,2
868,A5P12YJP805RG,4,full,0,0.7,9,1,5,5,,49,no,,,,,4.0,yes,2
869,A5P12YJP805RG,4,full,1,0.7,9,1,,,,,,,8,2,100,4.0,yes,2
870,A5P12YJP805RG,5,partial,0,0.7,1,9,7,3,,38,no,,,,,4.0,yes,2
871,A5P12YJP805RG,5,partial,1,0.7,1,9,,,,,,,6,4,39,4.0,yes,2
872,A5P12YJP805RG,6,full,0,0.3,9,1,0,10,,18,no,,,,,4.0,yes,2
873,A5P12YJP805RG,6,full,1,0.3,9,1,,,,,,,4,6,15,4.0,yes,2
874,A5P12YJP805RG,7,partial,0,0.3,9,1,3,7,,35,no,,,,,4.0,yes,2
875,A5P12YJP805RG,7,partial,1,0.3,9,1,,,,,,,4,6,100,4.0,yes,2
876,A5P12YJP805RG,8,partial,0,0.7,9,1,10,0,,71,no,,,,,4.0,yes,2
877,A5P12YJP805RG,8,partial,1,0.7,9,1,,,,,,,8,2,100,4.0,yes,2
878,A5P12YJP805RG,9,full,0,0.3,1,9,5,5,,48,no,,,,,4.0,yes,2
879,A5P12YJP805RG,9,full,1,0.3,1,9,,,,,,,2,8,0,4.0,yes,2
880,A9LSEP71DNP4O,0,partial,0,0.3,1,9,0,10,,86,no,,,,,3.0,yes,2
881,A9LSEP71DNP4O,0,partial,1,0.3,1,9,,,,,,,4,6,0,3.0,yes,2
882,A9LSEP71DNP4O,1,partial,0,0.7,9,1,7,3,,80,no,,,,,3.0,yes,2
883,A9LSEP71DNP4O,1,partial,1,0.7,9,1,,,,,,,6,4,100,3.0,yes,2
884,A9LSEP71DNP4O,2,full,0,0.3,1,9,5,5,,18,no,,,,,3.0,yes,2
885,A9LSEP71DNP4O,2,full,1,0.3,1,9,,,,,,,2,8,0,3.0,yes,2
886,A9LSEP71DNP4O,3,partial,0,0.7,9,1,10,0,,78,no,,,,,3.0,yes,2
887,A9LSEP71DNP4O,3,partial,1,0.7,9,1,,,,,,,8,2,100,3.0,yes,2
888,A9LSEP71DNP4O,4,full,0,0.3,9,1,0,10,,77,no,,,,,3.0,yes,2
889,A9LSEP71DNP4O,4,full,1,0.3,9,1,,,,,,,4,6,88,3.0,yes,2
890,A9LSEP71DNP4O,5,full,0,0.7,1,9,10,0,,76,no,,,,,3.0,yes,2
891,A9LSEP71DNP4O,5,full,1,0.7,1,9,,,,,,,8,2,9,3.0,yes,2
892,A9LSEP71DNP4O,6,partial,0,0.7,1,9,7,3,,69,no,,,,,3.0,yes,2
893,A9LSEP71DNP4O,6,partial,1,0.7,1,9,,,,,,,6,4,4,3.0,yes,2
894,A9LSEP71DNP4O,7,full,0,0.7,9,1,5,5,,28,no,,,,,3.0,yes,2
895,A9LSEP71DNP4O,7,full,1,0.7,9,1,,,,,,,8,2,100,3.0,yes,2
896,A9LSEP71DNP4O,8,partial,0,0.3,1,9,3,7,,19,no,,,,,3.0,yes,2
897,A9LSEP71DNP4O,8,partial,1,0.3,1,9,,,,,,,4,6,6,3.0,yes,2
898,A9LSEP71DNP4O,9,partial,0,0.3,9,1,3,7,,71,no,,,,,3.0,yes,2
899,A9LSEP71DNP4O,9,partial,1,0.3,9,1,,,,,,,4,6,100,3.0,yes,2
900,AFRJKS3Z3H4CA,0,partial,0,0.7,1,9,7,3,,65,no,,,,,5.0,yes,2
901,AFRJKS3Z3H4CA,0,partial,1,0.7,1,9,,,,,,,6,4,63,5.0,yes,2
902,AFRJKS3Z3H4CA,1,full,0,0.7,9,1,5,5,,44,no,,,,,5.0,yes,2
903,AFRJKS3Z3H4CA,1,full,1,0.7,9,1,,,,,,,8,2,100,5.0,yes,2
904,AFRJKS3Z3H4CA,2,partial,0,0.3,1,9,3,7,,50,no,,,,,5.0,yes,2
905,AFRJKS3Z3H4CA,2,partial,1,0.3,1,9,,,,,,,4,6,4,5.0,yes,2
906,AFRJKS3Z3H4CA,3,partial,0,0.7,9,1,10,0,,45,no,,,,,5.0,yes,2
907,AFRJKS3Z3H4CA,3,partial,1,0.7,9,1,,,,,,,8,2,100,5.0,yes,2
908,AFRJKS3Z3H4CA,4,partial,0,0.3,9,1,3,7,,63,no,,,,,5.0,yes,2
909,AFRJKS3Z3H4CA,4,partial,1,0.3,9,1,,,,,,,4,6,31,5.0,yes,2
910,AFRJKS3Z3H4CA,5,full,0,0.3,9,1,0,10,,70,no,,,,,5.0,yes,2
911,AFRJKS3Z3H4CA,5,full,1,0.3,9,1,,,,,,,4,6,12,5.0,yes,2
912,AFRJKS3Z3H4CA,6,partial,0,0.7,9,1,7,3,,47,no,,,,,5.0,yes,2
913,AFRJKS3Z3H4CA,6,partial,1,0.7,9,1,,,,,,,6,4,100,5.0,yes,2
914,AFRJKS3Z3H4CA,7,full,0,0.3,1,9,5,5,,38,no,,,,,5.0,yes,2
915,AFRJKS3Z3H4CA,7,full,1,0.3,1,9,,,,,,,2,8,16,5.0,yes,2
916,AFRJKS3Z3H4CA,8,full,0,0.7,1,9,10,0,,70,no,,,,,5.0,yes,2
917,AFRJKS3Z3H4CA,8,full,1,0.7,1,9,,,,,,,8,2,92,5.0,yes,2
918,AFRJKS3Z3H4CA,9,partial,0,0.3,1,9,0,10,,39,no,,,,,5.0,yes,2
919,AFRJKS3Z3H4CA,9,partial,1,0.3,1,9,,,,,,,4,6,0,5.0,yes,2
920,AKRFNRKI1IMJ1,0,partial,0,0.7,1,9,7,3,,29,no,,,,,3.5,yes,2
921,AKRFNRKI1IMJ1,0,partial,1,0.7,1,9,,,,,,,6,4,29,3.5,yes,2
922,AKRFNRKI1IMJ1,1,full,0,0.7,9,1,5,5,,75,no,,,,,3.5,yes,2
923,AKRFNRKI1IMJ1,1,full,1,0.7,9,1,,,,,,,8,2,88,3.5,yes,2
924,AKRFNRKI1IMJ1,2,full,0,0.7,1,9,10,0,,82,no,,,,,3.5,yes,2
925,AKRFNRKI1IMJ1,2,full,1,0.7,1,9,,,,,,,8,2,76,3.5,yes,2
926,AKRFNRKI1IMJ1,3,full,0,0.3,1,9,5,5,,71,no,,,,,3.5,yes,2
927,AKRFNRKI1IMJ1,3,full,1,0.3,1,9,,,,,,,2,8,0,3.5,yes,2
928,AKRFNRKI1IMJ1,4,partial,0,0.3,9,1,3,7,,84,no,,,,,3.5,yes,2
929,AKRFNRKI1IMJ1,4,partial,1,0.3,9,1,,,,,,,4,6,100,3.5,yes,2
930,AKRFNRKI1IMJ1,5,partial,0,0.7,9,1,10,0,,100,no,,,,,3.5,yes,2
931,AKRFNRKI1IMJ1,5,partial,1,0.7,9,1,,,,,,,8,2,100,3.5,yes,2
932,AKRFNRKI1IMJ1,6,full,0,0.3,9,1,0,10,,70,no,,,,,3.5,yes,2
933,AKRFNRKI1IMJ1,6,full,1,0.3,9,1,,,,,,,4,6,100,3.5,yes,2
934,AKRFNRKI1IMJ1,7,partial,0,0.3,1,9,3,7,,32,no,,,,,3.5,yes,2
935,AKRFNRKI1IMJ1,7,partial,1,0.3,1,9,,,,,,,4,6,0,3.5,yes,2
936,AKRFNRKI1IMJ1,8,partial,0,0.3,1,9,0,10,,83,no,,,,,3.5,yes,2
937,AKRFNRKI1IMJ1,8,partial,1,0.3,1,9,,,,,,,4,6,0,3.5,yes,2
938,AKRFNRKI1IMJ1,9,partial,0,0.7,9,1,7,3,,83,no,,,,,3.5,yes,2
939,AKRFNRKI1IMJ1,9,partial,1,0.7,9,1,,,,,,,6,4,100,3.5,yes,2
940,AMPR904VJJFZY,0,partial,0,0.7,9,1,10,0,,50,no,,,,,4.5,no,2
941,AMPR904VJJFZY,0,partial,1,0.7,9,1,,,,,,,8,2,100,4.5,no,2
942,AMPR904VJJFZY,1,partial,0,0.3,1,9,0,10,,100,no,,,,,4.5,no,2
943,AMPR904VJJFZY,1,partial,1,0.3,1,9,,,,,,,4,6,0,4.5,no,2
944,AMPR904VJJFZY,2,partial,0,0.3,9,1,3,7,,100,no,,,,,4.5,no,2
945,AMPR904VJJFZY,2,partial,1,0.3,9,1,,,,,,,4,6,100,4.5,no,2
946,AMPR904VJJFZY,3,partial,0,0.7,1,9,7,3,,0,no,,,,,4.5,no,2
947,AMPR904VJJFZY,3,partial,1,0.7,1,9,,,,,,,6,4,100,4.5,no,2
948,AMPR904VJJFZY,4,full,0,0.3,1,9,5,5,,50,no,,,,,4.5,no,2
949,AMPR904VJJFZY,4,full,1,0.3,1,9,,,,,,,2,8,0,4.5,no,2
950,AMPR904VJJFZY,5,partial,0,0.3,1,9,3,7,,71,no,,,,,4.5,no,2
951,AMPR904VJJFZY,5,partial,1,0.3,1,9,,,,,,,4,6,0,4.5,no,2
952,AMPR904VJJFZY,6,full,0,0.3,9,1,0,10,,100,no,,,,,4.5,no,2
953,AMPR904VJJFZY,6,full,1,0.3,9,1,,,,,,,4,6,0,4.5,no,2
954,AMPR904VJJFZY,7,partial,0,0.7,9,1,7,3,,100,no,,,,,4.5,no,2
955,AMPR904VJJFZY,7,partial,1,0.7,9,1,,,,,,,6,4,100,4.5,no,2
956,AMPR904VJJFZY,8,full,0,0.7,1,9,10,0,,68,no,,,,,4.5,no,2
957,AMPR904VJJFZY,8,full,1,0.7,1,9,,,,,,,8,2,100,4.5,no,2
958,AMPR904VJJFZY,9,full,0,0.7,9,1,5,5,,0,no,,,,,4.5,no,2
959,AMPR904VJJFZY,9,full,1,0.7,9,1,,,,,,,8,2,100,4.5,no,2
960,ANK8K5WTHJ61C,0,partial,0,0.3,9,1,3,7,,15,no,,,,,3.7,yes,2
961,ANK8K5WTHJ61C,0,partial,1,0.3,9,1,,,,,,,4,6,90,3.7,yes,2
962,ANK8K5WTHJ61C,1,full,0,0.7,1,9,10,0,80,65,yes,,,,,3.7,yes,2
963,ANK8K5WTHJ61C,1,full,1,0.7,1,9,,,,,,,8,2,96,3.7,yes,2
964,ANK8K5WTHJ61C,2,full,0,0.7,9,1,5,5,,10,no,,,,,3.7,yes,2
965,ANK8K5WTHJ61C,2,full,1,0.7,9,1,,,,,,,8,2,95,3.7,yes,2
966,ANK8K5WTHJ61C,3,partial,0,0.7,9,1,7,3,,7,no,,,,,3.7,yes,2
967,ANK8K5WTHJ61C,3,partial,1,0.7,9,1,,,,,,,6,4,95,3.7,yes,2
968,ANK8K5WTHJ61C,4,partial,0,0.3,1,9,3,7,11,16,yes,,,,,3.7,yes,2
969,ANK8K5WTHJ61C,4,partial,1,0.3,1,9,,,,,,,4,6,4,3.7,yes,2
970,ANK8K5WTHJ61C,5,partial,0,0.7,9,1,10,0,,0,no,,,,,3.7,yes,2
971,ANK8K5WTHJ61C,5,partial,1,0.7,9,1,,,,,,,8,2,100,3.7,yes,2
972,ANK8K5WTHJ61C,6,partial,0,0.3,1,9,0,10,,35,no,,,,,3.7,yes,2
973,ANK8K5WTHJ61C,6,partial,1,0.3,1,9,,,,,,,4,6,4,3.7,yes,2
974,ANK8K5WTHJ61C,7,partial,0,0.7,1,9,7,3,10,60,yes,,,,,3.7,yes,2
975,ANK8K5WTHJ61C,7,partial,1,0.7,1,9,,,,,,,6,4,85,3.7,yes,2
976,ANK8K5WTHJ61C,8,full,0,0.3,9,1,0,10,,72,no,,,,,3.7,yes,2
977,ANK8K5WTHJ61C,8,full,1,0.3,9,1,,,,,,,4,6,16,3.7,yes,2
978,ANK8K5WTHJ61C,9,full,0,0.3,1,9,5,5,7,59,yes,,,,,3.7,yes,2
979,ANK8K5WTHJ61C,9,full,1,0.3,1,9,,,,,,,2,8,2,3.7,yes,2
980,ANQ0RLFEZ17W0,0,full,0,0.3,1,9,5,5,,0,no,,,,,4.8,yes,2
981,ANQ0RLFEZ17W0,0,full,1,0.3,1,9,,,,,,,2,8,0,4.8,yes,2
982,ANQ0RLFEZ17W0,1,partial,0,0.7,9,1,10,0,,79,no,,,,,4.8,yes,2
983,ANQ0RLFEZ17W0,1,partial,1,0.7,9,1,,,,,,,8,2,100,4.8,yes,2
984,ANQ0RLFEZ17W0,2,partial,0,0.3,9,1,3,7,0,100,yes,,,,,4.8,yes,2
985,ANQ0RLFEZ17W0,2,partial,1,0.3,9,1,,,,,,,4,6,0,4.8,yes,2
986,ANQ0RLFEZ17W0,3,full,0,0.3,9,1,0,10,,100,no,,,,,4.8,yes,2
987,ANQ0RLFEZ17W0,3,full,1,0.3,9,1,,,,,,,4,6,0,4.8,yes,2
988,ANQ0RLFEZ17W0,4,partial,0,0.7,9,1,7,3,,0,no,,,,,4.8,yes,2
989,ANQ0RLFEZ17W0,4,partial,1,0.7,9,1,,,,,,,6,4,100,4.8,yes,2
990,ANQ0RLFEZ17W0,5,partial,0,0.3,1,9,3,7,,91,no,,,,,4.8,yes,2
991,ANQ0RLFEZ17W0,5,partial,1,0.3,1,9,,,,,,,4,6,0,4.8,yes,2
992,ANQ0RLFEZ17W0,6,partial,0,0.7,1,9,7,3,,86,no,,,,,4.8,yes,2
993,ANQ0RLFEZ17W0,6,partial,1,0.7,1,9,,,,,,,6,4,100,4.8,yes,2
994,ANQ0RLFEZ17W0,7,full,0,0.7,9,1,5,5,,100,no,,,,,4.8,yes,2
995,ANQ0RLFEZ17W0,7,full,1,0.7,9,1,,,,,,,8,2,100,4.8,yes,2
996,ANQ0RLFEZ17W0,8,full,0,0.7,1,9,10,0,,100,no,,,,,4.8,yes,2
997,ANQ0RLFEZ17W0,8,full,1,0.7,1,9,,,,,,,8,2,100,4.8,yes,2
998,ANQ0RLFEZ17W0,9,partial,0,0.3,1,9,0,10,,0,no,,,,,4.8,yes,2
999,ANQ0RLFEZ17W0,9,partial,1,0.3,1,9,,,,,,,4,6,0,4.8,yes,2
1000,AOOLS8280CL0Z,0,full,0,0.3,9,1,0,10,,2,no,,,,,3.8,yes,2
1001,AOOLS8280CL0Z,0,full,1,0.3,9,1,,,,,,,4,6,0,3.8,yes,2
1002,AOOLS8280CL0Z,1,partial,0,0.3,9,1,3,7,,8,no,,,,,3.8,yes,2
1003,AOOLS8280CL0Z,1,partial,1,0.3,9,1,,,,,,,4,6,50,3.8,yes,2
1004,AOOLS8280CL0Z,2,full,0,0.7,1,9,10,0,,5,no,,,,,3.8,yes,2
1005,AOOLS8280CL0Z,2,full,1,0.7,1,9,,,,,,,8,2,94,3.8,yes,2
1006,AOOLS8280CL0Z,3,partial,0,0.7,9,1,10,0,100,88,yes,,,,,3.8,yes,2
1007,AOOLS8280CL0Z,3,partial,1,0.7,9,1,,,,,,,8,2,100,3.8,yes,2
1008,AOOLS8280CL0Z,4,full,0,0.7,9,1,5,5,,6,no,,,,,3.8,yes,2
1009,AOOLS8280CL0Z,4,full,1,0.7,9,1,,,,,,,8,2,93,3.8,yes,2
1010,AOOLS8280CL0Z,5,partial,0,0.7,9,1,7,3,,91,no,,,,,3.8,yes,2
1011,AOOLS8280CL0Z,5,partial,1,0.7,9,1,,,,,,,6,4,100,3.8,yes,2
1012,AOOLS8280CL0Z,6,partial,0,0.3,1,9,3,7,,8,no,,,,,3.8,yes,2
1013,AOOLS8280CL0Z,6,partial,1,0.3,1,9,,,,,,,4,6,0,3.8,yes,2
1014,AOOLS8280CL0Z,7,partial,0,0.3,1,9,0,10,,100,no,,,,,3.8,yes,2
1015,AOOLS8280CL0Z,7,partial,1,0.3,1,9,,,,,,,4,6,50,3.8,yes,2
1016,AOOLS8280CL0Z,8,partial,0,0.7,1,9,7,3,,0,no,,,,,3.8,yes,2
1017,AOOLS8280CL0Z,8,partial,1,0.7,1,9,,,,,,,6,4,93,3.8,yes,2
1018,AOOLS8280CL0Z,9,full,0,0.3,1,9,5,5,,35,no,,,,,3.8,yes,2
1019,AOOLS8280CL0Z,9,full,1,0.3,1,9,,,,,,,2,8,3,3.8,yes,2
1020,AOS2PVHT2HYTL,0,full,0,0.7,1,9,10,0,,87,no,,,,,4.8,yes,2
1021,AOS2PVHT2HYTL,0,full,1,0.7,1,9,,,,,,,8,2,100,4.8,yes,2
1022,AOS2PVHT2HYTL,1,full,0,0.7,9,1,5,5,,0,no,,,,,4.8,yes,2
1023,AOS2PVHT2HYTL,1,full,1,0.7,9,1,,,,,,,8,2,100,4.8,yes,2
1024,AOS2PVHT2HYTL,2,full,0,0.3,1,9,5,5,,15,no,,,,,4.8,yes,2
1025,AOS2PVHT2HYTL,2,full,1,0.3,1,9,,,,,,,2,8,0,4.8,yes,2
1026,AOS2PVHT2HYTL,3,partial,0,0.7,9,1,7,3,,0,no,,,,,4.8,yes,2
1027,AOS2PVHT2HYTL,3,partial,1,0.7,9,1,,,,,,,6,4,100,4.8,yes,2
1028,AOS2PVHT2HYTL,4,partial,0,0.3,1,9,3,7,,21,no,,,,,4.8,yes,2
1029,AOS2PVHT2HYTL,4,partial,1,0.3,1,9,,,,,,,4,6,0,4.8,yes,2
1030,AOS2PVHT2HYTL,5,partial,0,0.7,1,9,7,3,,100,no,,,,,4.8,yes,2
1031,AOS2PVHT2HYTL,5,partial,1,0.7,1,9,,,,,,,6,4,100,4.8,yes,2
1032,AOS2PVHT2HYTL,6,full,0,0.3,9,1,0,10,,100,no,,,,,4.8,yes,2
1033,AOS2PVHT2HYTL,6,full,1,0.3,9,1,,,,,,,4,6,0,4.8,yes,2
1034,AOS2PVHT2HYTL,7,partial,0,0.3,9,1,3,7,0,85,yes,,,,,4.8,yes,2
1035,AOS2PVHT2HYTL,7,partial,1,0.3,9,1,,,,,,,4,6,0,4.8,yes,2
1036,AOS2PVHT2HYTL,8,partial,0,0.7,9,1,10,0,,0,no,,,,,4.8,yes,2
1037,AOS2PVHT2HYTL,8,partial,1,0.7,9,1,,,,,,,8,2,100,4.8,yes,2
1038,AOS2PVHT2HYTL,9,partial,0,0.3,1,9,0,10,,0,no,,,,,4.8,yes,2
1039,AOS2PVHT2HYTL,9,partial,1,0.3,1,9,,,,,,,4,6,0,4.8,yes,2
1040,APGX2WZ59OWDN,0,full,0,0.3,1,9,5,5,,35,no,,,,,4.4,yes,2
1041,APGX2WZ59OWDN,0,full,1,0.3,1,9,,,,,,,2,8,0,4.4,yes,2
1042,APGX2WZ59OWDN,1,partial,0,0.3,1,9,3,7,,72,no,,,,,4.4,yes,2
1043,APGX2WZ59OWDN,1,partial,1,0.3,1,9,,,,,,,4,6,0,4.4,yes,2
1044,APGX2WZ59OWDN,2,partial,0,0.3,9,1,3,7,73,67,yes,,,,,4.4,yes,2
1045,APGX2WZ59OWDN,2,partial,1,0.3,9,1,,,,,,,4,6,8,4.4,yes,2
1046,APGX2WZ59OWDN,3,full,0,0.3,9,1,0,10,,67,no,,,,,4.4,yes,2
1047,APGX2WZ59OWDN,3,full,1,0.3,9,1,,,,,,,4,6,0,4.4,yes,2
1048,APGX2WZ59OWDN,4,partial,0,0.7,9,1,7,3,,28,no,,,,,4.4,yes,2
1049,APGX2WZ59OWDN,4,partial,1,0.7,9,1,,,,,,,6,4,100,4.4,yes,2
1050,APGX2WZ59OWDN,5,partial,0,0.7,9,1,10,0,,25,no,,,,,4.4,yes,2
1051,APGX2WZ59OWDN,5,partial,1,0.7,9,1,,,,,,,8,2,100,4.4,yes,2
1052,APGX2WZ59OWDN,6,full,0,0.7,1,9,10,0,,75,no,,,,,4.4,yes,2
1053,APGX2WZ59OWDN,6,full,1,0.7,1,9,,,,,,,8,2,100,4.4,yes,2
1054,APGX2WZ59OWDN,7,full,0,0.7,9,1,5,5,71,8,yes,,,,,4.4,yes,2
1055,APGX2WZ59OWDN,7,full,1,0.7,9,1,,,,,,,8,2,100,4.4,yes,2
1056,APGX2WZ59OWDN,8,partial,0,0.7,1,9,7,3,65,37,yes,,,,,4.4,yes,2
1057,APGX2WZ59OWDN,8,partial,1,0.7,1,9,,,,,,,6,4,60,4.4,yes,2
1058,APGX2WZ59OWDN,9,partial,0,0.3,1,9,0,10,,60,no,,,,,4.4,yes,2
1059,APGX2WZ59OWDN,9,partial,1,0.3,1,9,,,,,,,4,6,0,4.4,yes,2
1060,APVZGZM1RA3AZ,0,full,0,0.7,1,9,10,0,,50,no,,,,,2.8,yes,1
1061,APVZGZM1RA3AZ,0,full,1,0.7,1,9,,,,,,,8,2,2,2.8,yes,1
1062,APVZGZM1RA3AZ,1,partial,0,0.3,1,9,3,7,,17,no,,,,,2.8,yes,1
1063,APVZGZM1RA3AZ,1,partial,1,0.3,1,9,,,,,,,4,6,13,2.8,yes,1
1064,APVZGZM1RA3AZ,2,partial,0,0.3,1,9,0,10,93,50,yes,,,,,2.8,yes,1
1065,APVZGZM1RA3AZ,2,partial,1,0.3,1,9,,,,,,,4,6,86,2.8,yes,1
1066,APVZGZM1RA3AZ,3,partial,0,0.7,1,9,7,3,,50,no,,,,,2.8,yes,1
1067,APVZGZM1RA3AZ,3,partial,1,0.7,1,9,,,,,,,6,4,95,2.8,yes,1
1068,APVZGZM1RA3AZ,4,full,0,0.7,9,1,5,5,,21,no,,,,,2.8,yes,1
1069,APVZGZM1RA3AZ,4,full,1,0.7,9,1,,,,,,,8,2,97,2.8,yes,1
1070,APVZGZM1RA3AZ,5,full,0,0.3,9,1,0,10,,15,no,,,,,2.8,yes,1
1071,APVZGZM1RA3AZ,5,full,1,0.3,9,1,,,,,,,4,6,95,2.8,yes,1
1072,APVZGZM1RA3AZ,6,full,0,0.3,1,9,5,5,,10,no,,,,,2.8,yes,1
1073,APVZGZM1RA3AZ,6,full,1,0.3,1,9,,,,,,,2,8,5,2.8,yes,1
1074,APVZGZM1RA3AZ,7,partial,0,0.7,9,1,10,0,,2,no,,,,,2.8,yes,1
1075,APVZGZM1RA3AZ,7,partial,1,0.7,9,1,,,,,,,8,2,98,2.8,yes,1
1076,APVZGZM1RA3AZ,8,partial,0,0.3,9,1,3,7,,99,no,,,,,2.8,yes,1
1077,APVZGZM1RA3AZ,8,partial,1,0.3,9,1,,,,,,,4,6,93,2.8,yes,1
1078,APVZGZM1RA3AZ,9,partial,0,0.7,9,1,7,3,,8,no,,,,,2.8,yes,1
1079,APVZGZM1RA3AZ,9,partial,1,0.7,9,1,,,,,,,6,4,98,2.8,yes,1
1080,ARVXIBUCA8WDZ,0,partial,0,0.7,9,1,7,3,100,77,yes,,,,,4.6,yes,2
1081,ARVXIBUCA8WDZ,0,partial,1,0.7,9,1,,,,,,,6,4,100,4.6,yes,2
1082,ARVXIBUCA8WDZ,1,full,0,0.7,1,9,10,0,,64,no,,,,,4.6,yes,2
1083,ARVXIBUCA8WDZ,1,full,1,0.7,1,9,,,,,,,8,2,63,4.6,yes,2
1084,ARVXIBUCA8WDZ,2,full,0,0.3,1,9,5,5,32,51,yes,,,,,4.6,yes,2
1085,ARVXIBUCA8WDZ,2,full,1,0.3,1,9,,,,,,,2,8,0,4.6,yes,2
1086,ARVXIBUCA8WDZ,3,full,0,0.7,9,1,5,5,,59,no,,,,,4.6,yes,2
1087,ARVXIBUCA8WDZ,3,full,1,0.7,9,1,,,,,,,8,2,100,4.6,yes,2
1088,ARVXIBUCA8WDZ,4,full,0,0.3,9,1,0,10,,32,no,,,,,4.6,yes,2
1089,ARVXIBUCA8WDZ,4,full,1,0.3,9,1,,,,,,,4,6,40,4.6,yes,2
1090,ARVXIBUCA8WDZ,5,partial,0,0.7,9,1,10,0,,32,no,,,,,4.6,yes,2
1091,ARVXIBUCA8WDZ,5,partial,1,0.7,9,1,,,,,,,8,2,100,4.6,yes,2
1092,ARVXIBUCA8WDZ,6,partial,0,0.3,1,9,0,10,,30,no,,,,,4.6,yes,2
1093,ARVXIBUCA8WDZ,6,partial,1,0.3,1,9,,,,,,,4,6,0,4.6,yes,2
1094,ARVXIBUCA8WDZ,7,partial,0,0.3,9,1,3,7,,64,no,,,,,4.6,yes,2
1095,ARVXIBUCA8WDZ,7,partial,1,0.3,9,1,,,,,,,4,6,29,4.6,yes,2
1096,ARVXIBUCA8WDZ,8,partial,0,0.3,1,9,3,7,,38,no,,,,,4.6,yes,2
1097,ARVXIBUCA8WDZ,8,partial,1,0.3,1,9,,,,,,,4,6,0,4.6,yes,2
1098,ARVXIBUCA8WDZ,9,partial,0,0.7,1,9,7,3,,68,no,,,,,4.6,yes,2
1099,ARVXIBUCA8WDZ,9,partial,1,0.7,1,9,,,,,,,6,4,66,4.6,yes,2
1100,AURYD2FH3FUOQ,0,partial,0,0.7,9,1,10,0,,21,no,,,,,3.3,yes,2
1101,AURYD2FH3FUOQ,0,partial,1,0.7,9,1,,,,,,,8,2,100,3.3,yes,2
1102,AURYD2FH3FUOQ,1,full,0,0.7,1,9,10,0,,25,no,,,,,3.3,yes,2
1103,AURYD2FH3FUOQ,1,full,1,0.7,1,9,,,,,,,8,2,33,3.3,yes,2
1104,AURYD2FH3FUOQ,2,partial,0,0.7,1,9,7,3,10,35,yes,,,,,3.3,yes,2
1105,AURYD2FH3FUOQ,2,partial,1,0.7,1,9,,,,,,,6,4,50,3.3,yes,2
1106,AURYD2FH3FUOQ,3,partial,0,0.3,1,9,3,7,,19,no,,,,,3.3,yes,2
1107,AURYD2FH3FUOQ,3,partial,1,0.3,1,9,,,,,,,4,6,10,3.3,yes,2
1108,AURYD2FH3FUOQ,4,full,0,0.3,1,9,5,5,,86,no,,,,,3.3,yes,2
1109,AURYD2FH3FUOQ,4,full,1,0.3,1,9,,,,,,,2,8,10,3.3,yes,2
1110,AURYD2FH3FUOQ,5,partial,0,0.3,9,1,3,7,,19,no,,,,,3.3,yes,2
1111,AURYD2FH3FUOQ,5,partial,1,0.3,9,1,,,,,,,4,6,93,3.3,yes,2
1112,AURYD2FH3FUOQ,6,partial,0,0.7,9,1,7,3,,69,no,,,,,3.3,yes,2
1113,AURYD2FH3FUOQ,6,partial,1,0.7,9,1,,,,,,,6,4,100,3.3,yes,2
1114,AURYD2FH3FUOQ,7,full,0,0.7,9,1,5,5,,87,no,,,,,3.3,yes,2
1115,AURYD2FH3FUOQ,7,full,1,0.7,9,1,,,,,,,8,2,100,3.3,yes,2
1116,AURYD2FH3FUOQ,8,full,0,0.3,9,1,0,10,,71,no,,,,,3.3,yes,2
1117,AURYD2FH3FUOQ,8,full,1,0.3,9,1,,,,,,,4,6,0,3.3,yes,2
1118,AURYD2FH3FUOQ,9,partial,0,0.3,1,9,0,10,,100,no,,,,,3.3,yes,2
1119,AURYD2FH3FUOQ,9,partial,1,0.3,1,9,,,,,,,4,6,0,3.3,yes,2
1120,AXMPSUNKUBEIL,0,partial,0,0.7,1,9,7,3,,73,no,,,,,4.0,yes,1
1121,AXMPSUNKUBEIL,0,partial,1,0.7,1,9,,,,,,,6,4,0,4.0,yes,1
1122,AXMPSUNKUBEIL,1,partial,0,0.7,9,1,10,0,,26,no,,,,,4.0,yes,1
1123,AXMPSUNKUBEIL,1,partial,1,0.7,9,1,,,,,,,8,2,100,4.0,yes,1
1124,AXMPSUNKUBEIL,2,partial,0,0.3,1,9,0,10,,34,no,,,,,4.0,yes,1
1125,AXMPSUNKUBEIL,2,partial,1,0.3,1,9,,,,,,,4,6,0,4.0,yes,1
1126,AXMPSUNKUBEIL,3,full,0,0.3,9,1,0,10,,61,no,,,,,4.0,yes,1
1127,AXMPSUNKUBEIL,3,full,1,0.3,9,1,,,,,,,4,6,5,4.0,yes,1
1128,AXMPSUNKUBEIL,4,partial,0,0.7,9,1,7,3,,61,no,,,,,4.0,yes,1
1129,AXMPSUNKUBEIL,4,partial,1,0.7,9,1,,,,,,,6,4,100,4.0,yes,1
1130,AXMPSUNKUBEIL,5,partial,0,0.3,1,9,3,7,,54,no,,,,,4.0,yes,1
1131,AXMPSUNKUBEIL,5,partial,1,0.3,1,9,,,,,,,4,6,0,4.0,yes,1
1132,AXMPSUNKUBEIL,6,full,0,0.7,1,9,10,0,,56,no,,,,,4.0,yes,1
1133,AXMPSUNKUBEIL,6,full,1,0.7,1,9,,,,,,,8,2,100,4.0,yes,1
1134,AXMPSUNKUBEIL,7,partial,0,0.3,9,1,3,7,,63,no,,,,,4.0,yes,1
1135,AXMPSUNKUBEIL,7,partial,1,0.3,9,1,,,,,,,4,6,96,4.0,yes,1
1136,AXMPSUNKUBEIL,8,full,0,0.7,9,1,5,5,,60,no,,,,,4.0,yes,1
1137,AXMPSUNKUBEIL,8,full,1,0.7,9,1,,,,,,,8,2,100,4.0,yes,1
1138,AXMPSUNKUBEIL,9,full,0,0.3,1,9,5,5,,38,no,,,,,4.0,yes,1
1139,AXMPSUNKUBEIL,9,full,1,0.3,1,9,,,,,,,2,8,0,4.0,yes,1
