,subject_id,student_idx,block_type,trial_num,true_theta,student_a,student_b,student_class,heads,tails,student_guess,error,bonus
0,A10BH9PYCYUKDJ,0,nonSeqPartial,0,0.5,8,2,D,5,5,0.65,0.15000000000000002,0.0
1,A10BH9PYCYUKDJ,1,nonSeqPartial,0,0.2,8,2,D,0,1,0.7272727272727273,0.5272727272727273,0.0
2,A10BH9PYCYUKDJ,2,nonSeqFull,0,0.2,8,2,D,3,1,0.7857142857142857,0.5857142857142856,0.0
3,A10BH9PYCYUKDJ,3,nonSeqFull,0,0.5,4,1,B,15,15,0.5428571428571428,0.042857142857142816,0.2
4,A10BH9PYCYUKDJ,4,seqNoFeedback,0,0.8,8,2,D,20,10,,,
5,A10BH9PYCYUKDJ,4,seqNoFeedback,1,0.8,8,2,D,30,0,0.8285714285714286,0.02857142857142858,0.0
6,A10BH9PYCYUKDJ,5,seqFeedback,0,0.8,2,8,C,20,10,0.55,,
7,A10BH9PYCYUKDJ,5,seqFeedback,1,0.8,2,8,C,25,5,0.6714285714285714,0.12857142857142867,0.0
8,A10BH9PYCYUKDJ,6,seqFeedback,0,0.2,1,4,A,5,25,0.17142857142857143,,
9,A10BH9PYCYUKDJ,6,seqFeedback,1,0.2,1,4,A,1,29,0.1076923076923077,0.09230769230769231,0.0
10,A10BH9PYCYUKDJ,7,seqNoFeedback,0,0.2,8,2,D,2,10,,,
11,A10BH9PYCYUKDJ,7,seqNoFeedback,1,0.2,8,2,D,1,2,0.44,0.24,0.0
12,A10BH9PYCYUKDJ,8,seqFeedback,0,0.5,2,8,C,1,1,0.25,,
13,A10BH9PYCYUKDJ,8,seqFeedback,1,0.5,2,8,C,1,1,0.2857142857142857,0.2142857142857143,0.0
14,A10BH9PYCYUKDJ,9,nonSeqPartial,0,0.8,4,1,B,30,0,0.9714285714285714,0.17142857142857137,0.0
15,A10BH9PYCYUKDJ,10,nonSeqFull,0,0.8,4,1,B,10,1,0.875,0.07499999999999996,0.39
16,A10BH9PYCYUKDJ,11,seqNoFeedback,0,0.5,2,8,C,10,10,,,
17,A10BH9PYCYUKDJ,11,seqNoFeedback,1,0.5,2,8,C,10,10,0.44,0.06,0.1
18,A10BH9PYCYUKDJ,12,seqFeedback,0,0.2,2,8,C,0,2,0.16666666666666666,,
19,A10BH9PYCYUKDJ,12,seqFeedback,1,0.2,2,8,C,0,2,0.14285714285714285,0.05714285714285716,0.46
20,A10BH9PYCYUKDJ,13,nonSeqPartial,0,0.5,1,4,A,10,10,0.44,0.06,0.3
21,A10BH9PYCYUKDJ,14,nonSeqPartial,0,0.2,1,4,A,1,3,0.2222222222222222,0.0222222222222222,0.46
22,A10BH9PYCYUKDJ,15,seqFeedback,0,0.8,1,4,A,10,1,0.6875,,
23,A10BH9PYCYUKDJ,15,seqFeedback,1,0.8,1,4,A,20,1,0.8378378378378378,0.037837837837837784,0.18
24,A10BH9PYCYUKDJ,16,nonSeqFull,0,0.8,8,2,D,10,1,0.8571428571428571,0.05714285714285705,0.39
25,A10BH9PYCYUKDJ,17,nonSeqFull,0,0.2,4,1,B,0,2,0.5714285714285714,0.3714285714285714,0.0
26,A10BH9PYCYUKDJ,18,nonSeqPartial,0,0.8,8,2,D,10,1,0.8571428571428571,0.05714285714285705,0.39
27,A10BH9PYCYUKDJ,19,seqNoFeedback,0,0.5,1,4,A,10,10,,,
28,A10BH9PYCYUKDJ,19,seqNoFeedback,1,0.5,1,4,A,10,10,0.4666666666666667,0.033333333333333326,0.1
29,A10BH9PYCYUKDJ,20,seqFeedback,0,0.5,1,4,A,15,15,0.45714285714285713,,
30,A10BH9PYCYUKDJ,20,seqFeedback,1,0.5,1,4,A,10,10,0.4727272727272727,0.027272727272727282,0.0
31,A10BH9PYCYUKDJ,21,seqNoFeedback,0,0.8,1,4,A,10,1,,,
32,A10BH9PYCYUKDJ,21,seqNoFeedback,1,0.8,1,4,A,20,1,0.8378378378378378,0.037837837837837784,0.18
33,A10BH9PYCYUKDJ,22,nonSeqFull,0,0.5,2,8,C,10,10,0.4,0.09999999999999998,0.3
34,A10BH9PYCYUKDJ,23,seqNoFeedback,0,0.2,1,4,A,0,2,,,
35,A10BH9PYCYUKDJ,23,seqNoFeedback,1,0.2,1,4,A,1,10,0.1111111111111111,0.0888888888888889,0.37
36,A10HW8JXM17XLD,0,nonSeqFull,0,0.2,4,1,B,1,4,0.5,0.3,0.0
37,A10HW8JXM17XLD,1,seqNoFeedback,0,0.5,8,2,D,8,2,,,
38,A10HW8JXM17XLD,1,seqNoFeedback,1,0.5,8,2,D,2,8,0.6,0.09999999999999998,0.3
39,A10HW8JXM17XLD,2,seqFeedback,0,0.2,4,1,B,1,4,0.5,,
40,A10HW8JXM17XLD,2,seqFeedback,1,0.2,4,1,B,1,4,0.4,0.2,0.0
41,A10HW8JXM17XLD,3,seqNoFeedback,0,0.8,1,4,A,4,1,,,
42,A10HW8JXM17XLD,3,seqNoFeedback,1,0.8,1,4,A,4,1,0.6,0.20000000000000007,0.0
43,A10HW8JXM17XLD,4,nonSeqFull,0,0.8,4,1,B,4,1,0.8,0.0,0.45
44,A10HW8JXM17XLD,5,nonSeqPartial,0,0.5,8,2,D,6,4,0.7,0.19999999999999996,0.0
45,A10HW8JXM17XLD,6,seqFeedback,0,0.8,1,4,A,4,1,0.5,,
46,A10HW8JXM17XLD,6,seqFeedback,1,0.8,1,4,A,1,4,0.4,0.4,0.0
47,A10HW8JXM17XLD,7,seqNoFeedback,0,0.2,8,2,D,2,8,,,
48,A10HW8JXM17XLD,7,seqNoFeedback,1,0.2,8,2,D,4,16,0.35,0.14999999999999997,0.0
49,A10HW8JXM17XLD,8,seqFeedback,0,0.5,4,1,B,6,4,0.6666666666666666,,
50,A10HW8JXM17XLD,8,seqFeedback,1,0.5,4,1,B,1,10,0.4230769230769231,0.07692307692307693,0.29
51,A10HW8JXM17XLD,9,seqNoFeedback,0,0.8,2,8,C,8,2,,,
52,A10HW8JXM17XLD,9,seqNoFeedback,1,0.8,2,8,C,8,2,0.6,0.20000000000000007,0.0
53,A10HW8JXM17XLD,10,nonSeqPartial,0,0.5,1,4,A,15,15,0.45714285714285713,0.04285714285714287,0.2
54,A10HW8JXM17XLD,11,nonSeqFull,0,0.8,2,8,C,2,13,0.16,0.64,0.0
55,A10HW8JXM17XLD,12,seqNoFeedback,0,0.5,1,4,A,7,3,,,
56,A10HW8JXM17XLD,12,seqNoFeedback,1,0.5,1,4,A,7,10,0.46875,0.03125,0.23
57,A10HW8JXM17XLD,13,nonSeqFull,0,0.5,1,4,A,4,1,0.5,0.0,0.45
58,A10HW8JXM17XLD,14,nonSeqPartial,0,0.8,1,4,A,4,1,0.5,0.30000000000000004,0.0
59,A10HW8JXM17XLD,15,nonSeqPartial,0,0.2,4,1,B,6,24,0.2857142857142857,0.08571428571428569,0.2
60,A10HW8JXM17XLD,16,nonSeqFull,0,0.2,2,8,C,1,4,0.2,0.0,0.45
61,A10HW8JXM17XLD,17,seqNoFeedback,0,0.2,1,4,A,3,12,,,
62,A10HW8JXM17XLD,17,seqNoFeedback,1,0.2,1,4,A,3,12,0.2,0.0,0.2
63,A10HW8JXM17XLD,18,nonSeqFull,0,0.5,2,8,C,4,1,0.4,0.09999999999999998,0.45
64,A10HW8JXM17XLD,19,seqFeedback,0,0.8,8,2,D,24,6,0.8,,
65,A10HW8JXM17XLD,19,seqFeedback,1,0.8,8,2,D,8,2,0.8,0.0,0.1
66,A10HW8JXM17XLD,20,seqFeedback,0,0.5,2,8,C,15,15,0.425,,
67,A10HW8JXM17XLD,20,seqFeedback,1,0.5,2,8,C,8,2,0.5,0.0,0.1
68,A10HW8JXM17XLD,21,seqFeedback,0,0.2,8,2,D,3,12,0.44,,
69,A10HW8JXM17XLD,21,seqFeedback,1,0.2,8,2,D,6,24,0.3090909090909091,0.10909090909090907,0.0
70,A10HW8JXM17XLD,22,nonSeqPartial,0,0.8,8,2,D,18,12,0.65,0.15000000000000002,0.0
71,A10HW8JXM17XLD,23,nonSeqPartial,0,0.2,8,2,D,6,24,0.35,0.14999999999999997,0.0
72,A12FTSX85NQ8N9,0,nonSeqFull,0,0.8,8,2,D,3,2,0.7333333333333333,0.06666666666666676,0.45
73,A12FTSX85NQ8N9,1,nonSeqPartial,0,0.5,1,4,A,5,5,0.4,0.09999999999999998,0.4
74,A12FTSX85NQ8N9,2,seqFeedback,0,0.8,4,1,B,3,2,0.7,,
75,A12FTSX85NQ8N9,2,seqFeedback,1,0.8,4,1,B,3,2,0.6666666666666666,0.13333333333333341,0.0
76,A12FTSX85NQ8N9,3,nonSeqPartial,0,0.5,2,8,C,5,5,0.35,0.15000000000000002,0.0
77,A12FTSX85NQ8N9,4,seqFeedback,0,0.5,8,2,D,5,5,0.65,,
78,A12FTSX85NQ8N9,4,seqFeedback,1,0.5,8,2,D,5,5,0.6,0.09999999999999998,0.3
79,A12FTSX85NQ8N9,5,nonSeqPartial,0,0.2,1,4,A,2,8,0.2,0.0,0.4
80,A12FTSX85NQ8N9,6,seqNoFeedback,0,0.8,8,2,D,8,2,,,
81,A12FTSX85NQ8N9,6,seqNoFeedback,1,0.8,8,2,D,3,2,0.76,0.040000000000000036,0.35
82,A12FTSX85NQ8N9,7,seqNoFeedback,0,0.2,8,2,D,2,8,,,
83,A12FTSX85NQ8N9,7,seqNoFeedback,1,0.2,8,2,D,2,8,0.4,0.2,0.0
84,A12FTSX85NQ8N9,8,nonSeqPartial,0,0.8,8,2,D,8,2,0.8,0.0,0.4
85,A12FTSX85NQ8N9,9,nonSeqPartial,0,0.8,4,1,B,8,2,0.8,0.0,0.4
86,A12FTSX85NQ8N9,10,nonSeqFull,0,0.8,4,1,B,8,2,0.8,0.0,0.4
87,A12FTSX85NQ8N9,11,seqNoFeedback,0,0.2,4,1,B,2,8,,,
88,A12FTSX85NQ8N9,11,seqNoFeedback,1,0.2,4,1,B,2,8,0.32,0.12,0.0
89,A12FTSX85NQ8N9,12,nonSeqFull,0,0.5,2,8,C,10,10,0.4,0.09999999999999998,0.3
90,A12FTSX85NQ8N9,13,nonSeqFull,0,0.5,1,4,A,6,6,0.4117647058823529,0.08823529411764708,0.38
91,A12FTSX85NQ8N9,14,seqNoFeedback,0,0.5,1,4,A,5,5,,,
92,A12FTSX85NQ8N9,14,seqNoFeedback,1,0.5,1,4,A,5,5,0.44,0.06,0.3
93,A12FTSX85NQ8N9,15,nonSeqFull,0,0.2,1,4,A,2,8,0.2,0.0,0.4
94,A12FTSX85NQ8N9,16,seqFeedback,0,0.2,2,8,C,2,8,0.2,,
95,A12FTSX85NQ8N9,16,seqFeedback,1,0.2,2,8,C,2,8,0.2,0.0,0.3
96,A12FTSX85NQ8N9,17,seqFeedback,0,0.8,8,2,D,4,1,0.8,,
97,A12FTSX85NQ8N9,17,seqFeedback,1,0.8,8,2,D,4,1,0.8,0.0,0.4
98,A12FTSX85NQ8N9,18,seqFeedback,0,0.5,4,1,B,3,3,0.6363636363636364,,
99,A12FTSX85NQ8N9,18,seqFeedback,1,0.5,4,1,B,4,4,0.5789473684210527,0.07894736842105265,0.36
100,A12FTSX85NQ8N9,19,nonSeqFull,0,0.2,8,2,D,4,16,0.4,0.2,0.0
101,A12FTSX85NQ8N9,20,seqNoFeedback,0,0.5,8,2,D,5,5,,,
102,A12FTSX85NQ8N9,20,seqNoFeedback,1,0.5,8,2,D,3,3,0.6153846153846154,0.11538461538461542,0.0
103,A12FTSX85NQ8N9,21,seqNoFeedback,0,0.8,1,4,A,4,1,,,
104,A12FTSX85NQ8N9,21,seqNoFeedback,1,0.8,1,4,A,4,1,0.6,0.20000000000000007,0.0
105,A12FTSX85NQ8N9,22,seqFeedback,0,0.2,1,4,A,2,8,0.2,,
106,A12FTSX85NQ8N9,22,seqFeedback,1,0.2,1,4,A,2,8,0.2,0.0,0.3
107,A12FTSX85NQ8N9,23,nonSeqPartial,0,0.2,2,8,C,2,8,0.2,0.0,0.4
108,A163XFZG5BI0XU,0,seqNoFeedback,0,0.5,4,1,B,2,2,,,
109,A163XFZG5BI0XU,0,seqNoFeedback,1,0.5,4,1,B,2,2,0.6153846153846154,0.11538461538461542,0.0
110,A163XFZG5BI0XU,1,seqNoFeedback,0,0.5,8,2,D,5,5,,,
111,A163XFZG5BI0XU,1,seqNoFeedback,1,0.5,8,2,D,7,7,0.5882352941176471,0.08823529411764708,0.26
112,A163XFZG5BI0XU,2,nonSeqPartial,0,0.8,4,1,B,8,2,0.8,0.0,0.4
113,A163XFZG5BI0XU,3,seqFeedback,0,0.8,4,1,B,8,2,0.8,,
114,A163XFZG5BI0XU,3,seqFeedback,1,0.8,4,1,B,8,2,0.8,0.0,0.3
115,A163XFZG5BI0XU,4,seqFeedback,0,0.5,8,2,D,5,5,0.65,,
116,A163XFZG5BI0XU,4,seqFeedback,1,0.5,8,2,D,4,5,0.5862068965517241,0.08620689655172409,0.31
117,A163XFZG5BI0XU,5,nonSeqPartial,0,0.8,8,2,D,8,2,0.8,0.0,0.4
118,A163XFZG5BI0XU,6,nonSeqPartial,0,0.5,8,2,D,5,5,0.65,0.15000000000000002,0.0
119,A163XFZG5BI0XU,7,nonSeqFull,0,0.5,1,4,A,5,5,0.4,0.09999999999999998,0.4
120,A163XFZG5BI0XU,8,nonSeqFull,0,0.5,2,8,C,8,2,0.5,0.0,0.4
121,A163XFZG5BI0XU,9,nonSeqFull,0,0.2,2,8,C,2,8,0.2,0.0,0.4
122,A163XFZG5BI0XU,10,nonSeqFull,0,0.8,8,2,D,8,2,0.8,0.0,0.4
123,A163XFZG5BI0XU,11,nonSeqPartial,0,0.2,1,4,A,2,8,0.2,0.0,0.4
124,A163XFZG5BI0XU,12,seqFeedback,0,0.5,1,4,A,5,5,0.4,,
125,A163XFZG5BI0XU,12,seqFeedback,1,0.5,1,4,A,5,5,0.44,0.06,0.3
126,A163XFZG5BI0XU,13,nonSeqFull,0,0.2,4,1,B,1,9,0.3333333333333333,0.1333333333333333,0.0
127,A163XFZG5BI0XU,14,nonSeqPartial,0,0.2,2,8,C,2,8,0.2,0.0,0.4
128,A163XFZG5BI0XU,15,nonSeqPartial,0,0.5,1,4,A,5,5,0.4,0.09999999999999998,0.4
129,A163XFZG5BI0XU,16,nonSeqFull,0,0.8,4,1,B,8,2,0.8,0.0,0.4
130,A163XFZG5BI0XU,17,seqFeedback,0,0.2,8,2,D,2,8,0.5,,
131,A163XFZG5BI0XU,17,seqFeedback,1,0.2,8,2,D,1,12,0.3333333333333333,0.1333333333333333,0.0
132,A163XFZG5BI0XU,18,seqNoFeedback,0,0.8,1,4,A,8,2,,,
133,A163XFZG5BI0XU,18,seqNoFeedback,1,0.8,1,4,A,8,2,0.68,0.12,0.0
134,A163XFZG5BI0XU,19,seqFeedback,0,0.2,1,4,A,2,8,0.2,,
135,A163XFZG5BI0XU,19,seqFeedback,1,0.2,1,4,A,2,8,0.2,0.0,0.3
136,A163XFZG5BI0XU,20,seqFeedback,0,0.8,8,2,D,8,2,0.8,,
137,A163XFZG5BI0XU,20,seqFeedback,1,0.8,8,2,D,8,2,0.8,0.0,0.3
138,A163XFZG5BI0XU,21,seqNoFeedback,0,0.2,4,1,B,2,8,,,
139,A163XFZG5BI0XU,21,seqNoFeedback,1,0.2,4,1,B,2,8,0.32,0.12,0.0
140,A163XFZG5BI0XU,22,seqNoFeedback,0,0.2,8,2,D,2,8,,,
141,A163XFZG5BI0XU,22,seqNoFeedback,1,0.2,8,2,D,1,12,0.3333333333333333,0.1333333333333333,0.0
142,A163XFZG5BI0XU,23,seqNoFeedback,0,0.8,2,8,C,8,2,,,
143,A163XFZG5BI0XU,23,seqNoFeedback,1,0.8,2,8,C,8,2,0.6,0.20000000000000007,0.0
144,A19WXS1CLVLEEX,0,seqFeedback,0,0.2,8,2,D,2,8,0.5,,
145,A19WXS1CLVLEEX,0,seqFeedback,1,0.2,8,2,D,2,10,0.375,0.175,0.0
146,A19WXS1CLVLEEX,1,seqNoFeedback,0,0.2,2,8,C,2,20,,,
147,A19WXS1CLVLEEX,1,seqNoFeedback,1,0.2,2,8,C,2,20,0.1111111111111111,0.0888888888888889,0.06
148,A19WXS1CLVLEEX,2,nonSeqFull,0,0.2,2,8,C,2,16,0.14285714285714285,0.05714285714285716,0.32
149,A19WXS1CLVLEEX,3,nonSeqPartial,0,0.8,4,1,B,12,2,0.8421052631578947,0.042105263157894646,0.36
150,A19WXS1CLVLEEX,4,seqFeedback,0,0.5,1,4,A,4,4,0.38461538461538464,,
151,A19WXS1CLVLEEX,4,seqFeedback,1,0.5,1,4,A,8,8,0.4482758620689655,0.051724137931034475,0.26
152,A19WXS1CLVLEEX,5,nonSeqFull,0,0.8,4,1,B,12,2,0.8421052631578947,0.042105263157894646,0.36
153,A19WXS1CLVLEEX,6,seqFeedback,0,0.8,8,2,D,11,2,0.8260869565217391,,
154,A19WXS1CLVLEEX,6,seqFeedback,1,0.8,8,2,D,11,2,0.8333333333333334,0.033333333333333326,0.24
155,A19WXS1CLVLEEX,7,seqNoFeedback,0,0.2,4,1,B,2,12,,,
156,A19WXS1CLVLEEX,7,seqNoFeedback,1,0.2,4,1,B,2,12,0.24242424242424243,0.04242424242424242,0.22
157,A19WXS1CLVLEEX,8,nonSeqPartial,0,0.2,2,8,C,2,13,0.16,0.04000000000000001,0.35
158,A19WXS1CLVLEEX,9,seqNoFeedback,0,0.5,2,8,C,15,15,,,
159,A19WXS1CLVLEEX,9,seqNoFeedback,1,0.5,2,8,C,15,15,0.45714285714285713,0.04285714285714287,0.0
160,A19WXS1CLVLEEX,10,seqFeedback,0,0.5,2,8,C,7,7,0.375,,
161,A19WXS1CLVLEEX,10,seqFeedback,1,0.5,2,8,C,5,5,0.4117647058823529,0.08823529411764708,0.26
162,A19WXS1CLVLEEX,11,nonSeqFull,0,0.2,1,4,A,1,10,0.125,0.07500000000000001,0.39
163,A19WXS1CLVLEEX,12,seqNoFeedback,0,0.8,4,1,B,9,1,,,
164,A19WXS1CLVLEEX,12,seqNoFeedback,1,0.8,4,1,B,9,1,0.88,0.07999999999999996,0.3
165,A19WXS1CLVLEEX,13,nonSeqFull,0,0.8,8,2,D,9,2,0.8095238095238095,0.00952380952380949,0.39
166,A19WXS1CLVLEEX,14,seqNoFeedback,0,0.5,4,1,B,1,1,,,
167,A19WXS1CLVLEEX,14,seqNoFeedback,1,0.5,4,1,B,1,1,0.6666666666666666,0.16666666666666663,0.0
168,A19WXS1CLVLEEX,15,nonSeqFull,0,0.5,1,4,A,4,4,0.38461538461538464,0.11538461538461536,0.0
169,A19WXS1CLVLEEX,16,nonSeqFull,0,0.5,8,2,D,10,10,0.6,0.09999999999999998,0.3
170,A19WXS1CLVLEEX,17,seqFeedback,0,0.8,4,1,B,10,2,0.8235294117647058,,
171,A19WXS1CLVLEEX,17,seqFeedback,1,0.8,4,1,B,10,2,0.8275862068965517,0.027586206896551668,0.26
172,A19WXS1CLVLEEX,18,seqNoFeedback,0,0.8,2,8,C,10,2,,,
173,A19WXS1CLVLEEX,18,seqNoFeedback,1,0.8,2,8,C,10,2,0.6470588235294118,0.15294117647058825,0.0
174,A19WXS1CLVLEEX,19,nonSeqPartial,0,0.8,2,8,C,12,2,0.5833333333333334,0.21666666666666667,0.0
175,A19WXS1CLVLEEX,20,nonSeqPartial,0,0.5,1,4,A,10,10,0.44,0.06,0.3
176,A19WXS1CLVLEEX,21,nonSeqPartial,0,0.5,8,2,D,6,6,0.6363636363636364,0.13636363636363635,0.0
177,A19WXS1CLVLEEX,22,nonSeqPartial,0,0.2,4,1,B,2,12,0.3157894736842105,0.1157894736842105,0.0
178,A19WXS1CLVLEEX,23,seqFeedback,0,0.2,4,1,B,2,15,0.2727272727272727,,
179,A19WXS1CLVLEEX,23,seqFeedback,1,0.2,4,1,B,2,16,0.2,0.0,0.15
180,A1DZMZTXWOM9MR,0,seqNoFeedback,0,0.5,2,8,C,5,5,,,
181,A1DZMZTXWOM9MR,0,seqNoFeedback,1,0.5,2,8,C,3,3,0.38461538461538464,0.11538461538461536,0.0
182,A1DZMZTXWOM9MR,1,nonSeqFull,0,0.8,1,4,A,8,2,0.6,0.20000000000000007,0.0
183,A1DZMZTXWOM9MR,2,nonSeqPartial,0,0.2,2,8,C,2,8,0.2,0.0,0.4
184,A1DZMZTXWOM9MR,3,nonSeqPartial,0,0.2,1,4,A,3,9,0.23529411764705882,0.03529411764705881,0.38
185,A1DZMZTXWOM9MR,4,nonSeqFull,0,0.2,1,4,A,2,8,0.2,0.0,0.4
186,A1DZMZTXWOM9MR,5,seqFeedback,0,0.8,8,2,D,8,2,0.8,,
187,A1DZMZTXWOM9MR,5,seqFeedback,1,0.8,8,2,D,8,2,0.8,0.0,0.3
188,A1DZMZTXWOM9MR,6,seqNoFeedback,0,0.2,4,1,B,3,7,,,
189,A1DZMZTXWOM9MR,6,seqNoFeedback,1,0.2,4,1,B,2,7,0.375,0.175,0.0
190,A1DZMZTXWOM9MR,7,seqNoFeedback,0,0.8,2,8,C,8,2,,,
191,A1DZMZTXWOM9MR,7,seqNoFeedback,1,0.8,2,8,C,8,2,0.6,0.20000000000000007,0.0
192,A1DZMZTXWOM9MR,8,seqNoFeedback,0,0.5,1,4,A,3,2,,,
193,A1DZMZTXWOM9MR,8,seqNoFeedback,1,0.5,1,4,A,3,2,0.4666666666666667,0.033333333333333326,0.4
194,A1DZMZTXWOM9MR,9,nonSeqPartial,0,0.8,4,1,B,4,1,0.8,0.0,0.45
195,A1DZMZTXWOM9MR,10,seqFeedback,0,0.8,1,4,A,4,1,0.5,,
196,A1DZMZTXWOM9MR,10,seqFeedback,1,0.8,1,4,A,8,1,0.6842105263157895,0.11578947368421055,0.0
197,A1DZMZTXWOM9MR,11,nonSeqFull,0,0.8,2,8,C,4,4,0.3333333333333333,0.46666666666666673,0.0
198,A1DZMZTXWOM9MR,12,seqFeedback,0,0.2,8,2,D,2,5,0.5882352941176471,,
199,A1DZMZTXWOM9MR,12,seqFeedback,1,0.2,8,2,D,1,7,0.44,0.24,0.0
200,A1DZMZTXWOM9MR,13,nonSeqFull,0,0.5,2,8,C,4,4,0.3333333333333333,0.16666666666666669,0.0
201,A1DZMZTXWOM9MR,14,seqNoFeedback,0,0.2,2,8,C,3,5,,,
202,A1DZMZTXWOM9MR,14,seqNoFeedback,1,0.2,2,8,C,3,5,0.3076923076923077,0.1076923076923077,0.0
203,A1DZMZTXWOM9MR,15,seqFeedback,0,0.2,1,4,A,3,7,0.26666666666666666,,
204,A1DZMZTXWOM9MR,15,seqFeedback,1,0.2,1,4,A,2,8,0.24,0.03999999999999998,0.3
205,A1DZMZTXWOM9MR,16,nonSeqPartial,0,0.5,4,1,B,3,3,0.6363636363636364,0.13636363636363635,0.0
206,A1DZMZTXWOM9MR,17,seqNoFeedback,0,0.8,4,1,B,8,2,,,
207,A1DZMZTXWOM9MR,17,seqNoFeedback,1,0.8,4,1,B,12,3,0.8,0.0,0.25
208,A1DZMZTXWOM9MR,18,nonSeqFull,0,0.2,8,2,D,2,8,0.5,0.3,0.0
209,A1DZMZTXWOM9MR,19,nonSeqFull,0,0.5,1,4,A,2,8,0.2,0.3,0.0
210,A1DZMZTXWOM9MR,20,seqFeedback,0,0.5,1,4,A,5,5,0.4,,
211,A1DZMZTXWOM9MR,20,seqFeedback,1,0.5,1,4,A,4,6,0.4,0.09999999999999998,0.3
212,A1DZMZTXWOM9MR,21,nonSeqPartial,0,0.8,8,2,D,12,3,0.8,0.0,0.35
213,A1DZMZTXWOM9MR,22,nonSeqPartial,0,0.5,8,2,D,4,4,0.6666666666666666,0.16666666666666663,0.0
214,A1DZMZTXWOM9MR,23,seqFeedback,0,0.5,8,2,D,7,5,0.6818181818181818,,
215,A1DZMZTXWOM9MR,23,seqFeedback,1,0.5,8,2,D,7,7,0.6111111111111112,0.11111111111111116,0.0
216,A248QG4DPULP46,0,seqFeedback,0,0.5,2,8,C,6,6,0.36363636363636365,,
217,A248QG4DPULP46,0,seqFeedback,1,0.5,2,8,C,10,10,0.42857142857142855,0.07142857142857145,0.18
218,A248QG4DPULP46,1,nonSeqFull,0,0.5,2,8,C,15,15,0.425,0.07500000000000001,0.2
219,A248QG4DPULP46,2,seqNoFeedback,0,0.2,8,2,D,5,15,,,
220,A248QG4DPULP46,2,seqNoFeedback,1,0.2,8,2,D,3,20,0.3018867924528302,0.10188679245283017,0.0
221,A248QG4DPULP46,3,nonSeqFull,0,0.8,4,1,B,10,2,0.8235294117647058,0.0235294117647058,0.38
222,A248QG4DPULP46,4,nonSeqPartial,0,0.5,8,2,D,15,15,0.575,0.07499999999999996,0.2
223,A248QG4DPULP46,5,seqFeedback,0,0.8,8,2,D,15,2,0.8518518518518519,,
224,A248QG4DPULP46,5,seqFeedback,1,0.8,8,2,D,2,15,0.5681818181818182,0.2318181818181818,0.0
225,A248QG4DPULP46,6,nonSeqPartial,0,0.2,2,8,C,2,15,0.14814814814814814,0.05185185185185187,0.33
226,A248QG4DPULP46,7,nonSeqPartial,0,0.8,1,4,A,16,3,0.7083333333333334,0.09166666666666667,0.31
227,A248QG4DPULP46,8,seqFeedback,0,0.5,4,1,B,8,8,0.5714285714285714,,
228,A248QG4DPULP46,8,seqFeedback,1,0.5,4,1,B,15,15,0.5294117647058824,0.02941176470588236,0.04
229,A248QG4DPULP46,9,nonSeqFull,0,0.5,4,1,B,2,8,0.4,0.09999999999999998,0.4
230,A248QG4DPULP46,10,seqNoFeedback,0,0.8,8,2,D,14,0,,,
231,A248QG4DPULP46,10,seqNoFeedback,1,0.8,8,2,D,16,4,0.8636363636363636,0.0636363636363636,0.16
232,A248QG4DPULP46,11,seqFeedback,0,0.2,8,2,D,2,10,0.45454545454545453,,
233,A248QG4DPULP46,11,seqFeedback,1,0.2,8,2,D,10,10,0.47619047619047616,0.27619047619047615,0.0
234,A248QG4DPULP46,12,seqNoFeedback,0,0.5,8,2,D,15,15,,,
235,A248QG4DPULP46,12,seqNoFeedback,1,0.5,8,2,D,3,12,0.4727272727272727,0.027272727272727282,0.05
236,A248QG4DPULP46,13,seqNoFeedback,0,0.2,1,4,A,1,6,,,
237,A248QG4DPULP46,13,seqNoFeedback,1,0.2,1,4,A,2,8,0.18181818181818182,0.018181818181818188,0.33
238,A248QG4DPULP46,14,nonSeqPartial,0,0.2,1,4,A,2,12,0.15789473684210525,0.04210526315789476,0.36
239,A248QG4DPULP46,15,nonSeqFull,0,0.2,8,2,D,2,15,0.37037037037037035,0.17037037037037034,0.0
240,A248QG4DPULP46,16,nonSeqPartial,0,0.8,2,8,C,12,0,0.6363636363636364,0.1636363636363637,0.0
241,A248QG4DPULP46,17,nonSeqFull,0,0.8,8,2,D,10,2,0.8181818181818182,0.018181818181818188,0.38
242,A248QG4DPULP46,18,seqNoFeedback,0,0.5,4,1,B,4,4,,,
243,A248QG4DPULP46,18,seqNoFeedback,1,0.5,4,1,B,8,8,0.5517241379310345,0.051724137931034475,0.26
244,A248QG4DPULP46,19,nonSeqFull,0,0.2,1,4,A,1,8,0.14285714285714285,0.05714285714285716,0.41
245,A248QG4DPULP46,20,seqNoFeedback,0,0.8,1,4,A,10,1,,,
246,A248QG4DPULP46,20,seqNoFeedback,1,0.8,1,4,A,10,1,0.7777777777777778,0.022222222222222254,0.28
247,A248QG4DPULP46,21,nonSeqPartial,0,0.5,1,4,A,10,10,0.44,0.06,0.3
248,A248QG4DPULP46,22,seqFeedback,0,0.8,1,4,A,8,1,0.6428571428571429,,
249,A248QG4DPULP46,22,seqFeedback,1,0.8,1,4,A,12,1,0.7777777777777778,0.022222222222222254,0.28
250,A248QG4DPULP46,23,seqFeedback,0,0.2,1,4,A,2,14,0.14285714285714285,,
251,A248QG4DPULP46,23,seqFeedback,1,0.2,1,4,A,2,10,0.15151515151515152,0.04848484848484849,0.22
252,A2615YW1YERQBO,0,seqNoFeedback,0,0.8,2,8,C,4,1,,,
253,A2615YW1YERQBO,0,seqNoFeedback,1,0.8,2,8,C,4,1,0.5,0.30000000000000004,0.0
254,A2615YW1YERQBO,1,seqFeedback,0,0.5,1,4,A,2,2,0.3333333333333333,,
255,A2615YW1YERQBO,1,seqFeedback,1,0.5,1,4,A,7,3,0.5263157894736842,0.02631578947368418,0.36
256,A2615YW1YERQBO,2,nonSeqPartial,0,0.5,2,8,C,9,9,0.39285714285714285,0.10714285714285715,0.0
257,A2615YW1YERQBO,3,seqNoFeedback,0,0.8,1,4,A,20,4,,,
258,A2615YW1YERQBO,3,seqNoFeedback,1,0.8,1,4,A,6,1,0.75,0.050000000000000044,0.19
259,A2615YW1YERQBO,4,seqNoFeedback,0,0.5,1,4,A,11,11,,,
260,A2615YW1YERQBO,4,seqNoFeedback,1,0.5,1,4,A,2,2,0.45161290322580644,0.04838709677419356,0.24
261,A2615YW1YERQBO,5,seqFeedback,0,0.8,1,4,A,12,3,0.65,,
262,A2615YW1YERQBO,5,seqFeedback,1,0.8,1,4,A,10,1,0.7419354838709677,0.058064516129032295,0.24
263,A2615YW1YERQBO,6,nonSeqPartial,0,0.8,4,1,B,20,2,0.8888888888888888,0.0888888888888888,0.28
264,A2615YW1YERQBO,7,seqFeedback,0,0.2,2,8,C,4,20,0.17647058823529413,,
265,A2615YW1YERQBO,7,seqFeedback,1,0.2,2,8,C,0,1,0.17142857142857143,0.02857142857142858,0.25
266,A2615YW1YERQBO,8,nonSeqFull,0,0.5,8,2,D,2,8,0.5,0.0,0.4
267,A2615YW1YERQBO,9,seqFeedback,0,0.2,4,1,B,1,11,0.29411764705882354,,
268,A2615YW1YERQBO,9,seqFeedback,1,0.2,4,1,B,0,1,0.2777777777777778,0.07777777777777778,0.37
269,A2615YW1YERQBO,10,seqFeedback,0,0.5,2,8,C,14,14,0.42105263157894735,,
270,A2615YW1YERQBO,10,seqFeedback,1,0.5,2,8,C,1,0,0.4358974358974359,0.0641025641025641,0.21
271,A2615YW1YERQBO,11,nonSeqPartial,0,0.5,4,1,B,9,9,0.5652173913043478,0.06521739130434778,0.32
272,A2615YW1YERQBO,12,nonSeqFull,0,0.2,4,1,B,0,14,0.21052631578947367,0.010526315789473661,0.36
273,A2615YW1YERQBO,13,nonSeqFull,0,0.8,8,2,D,0,0,0.8,0.0,0.5
274,A2615YW1YERQBO,13,nonSeqFull,0,0.8,8,2,D,0,0,0.8,0.0,0.5
275,A2615YW1YERQBO,13,nonSeqFull,0,0.8,8,2,D,2,1,0.7692307692307693,0.03076923076923077,0.47
276,A2615YW1YERQBO,14,seqNoFeedback,0,0.5,2,8,C,12,12,,,
277,A2615YW1YERQBO,14,seqNoFeedback,1,0.5,2,8,C,7,7,0.4375,0.0625,0.12
278,A2615YW1YERQBO,15,seqNoFeedback,0,0.2,4,1,B,1,11,,,
279,A2615YW1YERQBO,15,seqNoFeedback,1,0.2,4,1,B,2,6,0.28,0.08000000000000002,0.3
280,A2615YW1YERQBO,16,seqFeedback,0,0.8,8,2,D,11,2,0.8260869565217391,,
281,A2615YW1YERQBO,16,seqFeedback,1,0.8,8,2,D,0,1,0.7916666666666666,0.008333333333333415,0.36
282,A2615YW1YERQBO,17,nonSeqPartial,0,0.2,2,8,C,1,9,0.15,0.05000000000000002,0.4
283,A2615YW1YERQBO,18,nonSeqFull,0,0.5,1,4,A,4,1,0.5,0.0,0.45
284,A2615YW1YERQBO,19,nonSeqPartial,0,0.2,1,4,A,1,9,0.13333333333333333,0.06666666666666668,0.4
285,A2615YW1YERQBO,20,nonSeqFull,0,0.8,1,4,A,15,0,0.8,0.0,0.35
286,A2615YW1YERQBO,21,nonSeqPartial,0,0.8,2,8,C,11,1,0.5909090909090909,0.2090909090909091,0.0
287,A2615YW1YERQBO,22,nonSeqFull,0,0.2,8,2,D,0,28,0.21052631578947367,0.010526315789473661,0.22
288,A2615YW1YERQBO,23,seqNoFeedback,0,0.2,2,8,C,0,9,,,
289,A2615YW1YERQBO,23,seqNoFeedback,1,0.2,2,8,C,1,4,0.125,0.07500000000000001,0.36
290,A2B153AHPWHLH1,0,nonSeqFull,0,0.2,2,8,C,2,8,0.2,0.0,0.4
291,A2B153AHPWHLH1,1,seqNoFeedback,0,0.8,4,1,B,8,2,,,
292,A2B153AHPWHLH1,1,seqNoFeedback,1,0.8,4,1,B,8,2,0.8,0.0,0.3
293,A2B153AHPWHLH1,2,nonSeqFull,0,0.5,4,1,B,5,5,0.6,0.09999999999999998,0.4
294,A2B153AHPWHLH1,3,seqFeedback,0,0.8,4,1,B,8,2,0.8,,
295,A2B153AHPWHLH1,3,seqFeedback,1,0.8,4,1,B,8,2,0.8,0.0,0.3
296,A2B153AHPWHLH1,4,seqFeedback,0,0.2,8,2,D,2,8,0.5,,
297,A2B153AHPWHLH1,4,seqFeedback,1,0.2,8,2,D,2,8,0.4,0.2,0.0
298,A2B153AHPWHLH1,5,seqFeedback,0,0.2,4,1,B,2,8,0.4,,
299,A2B153AHPWHLH1,5,seqFeedback,1,0.2,4,1,B,2,8,0.32,0.12,0.0
300,A2B153AHPWHLH1,6,seqFeedback,0,0.5,2,8,C,5,5,0.35,,
301,A2B153AHPWHLH1,6,seqFeedback,1,0.5,2,8,C,5,5,0.4,0.09999999999999998,0.3
302,A2B153AHPWHLH1,7,nonSeqFull,0,0.5,2,8,C,5,5,0.35,0.15000000000000002,0.0
303,A2B153AHPWHLH1,8,seqNoFeedback,0,0.2,8,2,D,2,8,,,
304,A2B153AHPWHLH1,8,seqNoFeedback,1,0.2,8,2,D,2,8,0.4,0.2,0.0
305,A2B153AHPWHLH1,9,seqFeedback,0,0.5,4,1,B,5,5,0.6,,
306,A2B153AHPWHLH1,9,seqFeedback,1,0.5,4,1,B,5,5,0.56,0.06000000000000005,0.3
307,A2B153AHPWHLH1,10,seqNoFeedback,0,0.8,2,8,C,8,2,,,
308,A2B153AHPWHLH1,10,seqNoFeedback,1,0.8,2,8,C,8,2,0.6,0.20000000000000007,0.0
309,A2B153AHPWHLH1,11,seqNoFeedback,0,0.5,2,8,C,5,5,,,
310,A2B153AHPWHLH1,11,seqNoFeedback,1,0.5,2,8,C,5,5,0.4,0.09999999999999998,0.3
311,A2B153AHPWHLH1,12,seqNoFeedback,0,0.5,1,4,A,5,5,,,
312,A2B153AHPWHLH1,12,seqNoFeedback,1,0.5,1,4,A,5,5,0.44,0.06,0.3
313,A2B153AHPWHLH1,13,nonSeqFull,0,0.8,1,4,A,8,2,0.6,0.20000000000000007,0.0
314,A2B153AHPWHLH1,14,nonSeqFull,0,0.2,4,1,B,2,2,0.6666666666666666,0.4666666666666666,0.0
315,A2B153AHPWHLH1,15,seqFeedback,0,0.8,8,2,D,8,2,0.8,,
316,A2B153AHPWHLH1,15,seqFeedback,1,0.8,8,2,D,8,2,0.8,0.0,0.3
317,A2B153AHPWHLH1,16,nonSeqFull,0,0.8,2,8,C,8,2,0.5,0.30000000000000004,0.0
318,A2B153AHPWHLH1,17,nonSeqPartial,0,0.2,2,8,C,2,8,0.2,0.0,0.4
319,A2B153AHPWHLH1,18,nonSeqPartial,0,0.5,2,8,C,5,5,0.35,0.15000000000000002,0.0
320,A2B153AHPWHLH1,19,seqNoFeedback,0,0.2,1,4,A,2,8,,,
321,A2B153AHPWHLH1,19,seqNoFeedback,1,0.2,1,4,A,2,8,0.2,0.0,0.3
322,A2B153AHPWHLH1,20,nonSeqPartial,0,0.2,4,1,B,2,8,0.4,0.2,0.0
323,A2B153AHPWHLH1,21,nonSeqPartial,0,0.8,1,4,A,8,2,0.6,0.20000000000000007,0.0
324,A2B153AHPWHLH1,22,nonSeqPartial,0,0.8,8,2,D,8,2,0.8,0.0,0.4
325,A2B153AHPWHLH1,23,nonSeqPartial,0,0.5,1,4,A,5,5,0.4,0.09999999999999998,0.4
326,A2FGKKWP33DFWS,0,seqFeedback,0,0.8,2,8,C,0,2,0.16666666666666666,,
327,A2FGKKWP33DFWS,0,seqFeedback,1,0.8,2,8,C,8,2,0.45454545454545453,0.3454545454545455,0.0
328,A2FGKKWP33DFWS,1,seqNoFeedback,0,0.2,4,1,B,2,0,,,
329,A2FGKKWP33DFWS,1,seqNoFeedback,1,0.2,4,1,B,2,0,0.8888888888888888,0.6888888888888889,0.0
330,A2FGKKWP33DFWS,2,nonSeqPartial,0,0.2,1,4,A,2,8,0.2,0.0,0.4
331,A2FGKKWP33DFWS,3,seqNoFeedback,0,0.8,8,2,D,10,2,,,
332,A2FGKKWP33DFWS,3,seqNoFeedback,1,0.8,8,2,D,8,2,0.8125,0.012499999999999956,0.28
333,A2FGKKWP33DFWS,4,nonSeqPartial,0,0.5,1,4,A,5,5,0.4,0.09999999999999998,0.4
334,A2FGKKWP33DFWS,5,seqFeedback,0,0.2,4,1,B,8,2,0.8,,
335,A2FGKKWP33DFWS,5,seqFeedback,1,0.2,4,1,B,2,8,0.56,0.36000000000000004,0.0
336,A2FGKKWP33DFWS,6,seqFeedback,0,0.5,1,4,A,5,5,0.4,,
337,A2FGKKWP33DFWS,6,seqFeedback,1,0.5,1,4,A,5,5,0.44,0.06,0.3
338,A2FGKKWP33DFWS,7,seqNoFeedback,0,0.5,8,2,D,5,5,,,
339,A2FGKKWP33DFWS,7,seqNoFeedback,1,0.5,8,2,D,5,5,0.6,0.09999999999999998,0.3
340,A2FGKKWP33DFWS,8,nonSeqPartial,0,0.8,8,2,D,8,2,0.8,0.0,0.4
341,A2FGKKWP33DFWS,9,nonSeqFull,0,0.2,2,8,C,2,8,0.2,0.0,0.4
342,A2FGKKWP33DFWS,10,seqNoFeedback,0,0.5,4,1,B,5,5,,,
343,A2FGKKWP33DFWS,10,seqNoFeedback,1,0.5,4,1,B,0,0,0.6,0.09999999999999998,0.4
344,A2FGKKWP33DFWS,10,seqNoFeedback,1,0.5,4,1,B,0,0,0.6,0.09999999999999998,0.4
345,A2FGKKWP33DFWS,10,seqNoFeedback,1,0.5,4,1,B,5,5,0.56,0.06000000000000005,0.3
346,A2FGKKWP33DFWS,11,nonSeqFull,0,0.2,4,1,B,2,8,0.4,0.2,0.0
347,A2FGKKWP33DFWS,12,nonSeqPartial,0,0.8,4,1,B,8,2,0.8,0.0,0.4
348,A2FGKKWP33DFWS,13,seqFeedback,0,0.5,2,8,C,5,5,0.35,,
349,A2FGKKWP33DFWS,13,seqFeedback,1,0.5,2,8,C,5,5,0.4,0.09999999999999998,0.3
350,A2FGKKWP33DFWS,14,seqNoFeedback,0,0.2,2,8,C,2,8,,,
351,A2FGKKWP33DFWS,14,seqNoFeedback,1,0.2,2,8,C,2,8,0.2,0.0,0.3
352,A2FGKKWP33DFWS,15,nonSeqPartial,0,0.2,2,8,C,2,8,0.2,0.0,0.4
353,A2FGKKWP33DFWS,16,seqFeedback,0,0.8,4,1,B,8,2,0.8,,
354,A2FGKKWP33DFWS,16,seqFeedback,1,0.8,4,1,B,8,2,0.8,0.0,0.3
355,A2FGKKWP33DFWS,17,nonSeqFull,0,0.8,1,4,A,8,2,0.6,0.20000000000000007,0.0
356,A2FGKKWP33DFWS,18,nonSeqPartial,0,0.5,2,8,C,5,5,0.35,0.15000000000000002,0.0
357,A2FGKKWP33DFWS,19,nonSeqFull,0,0.5,2,8,C,5,5,0.35,0.15000000000000002,0.0
358,A2FGKKWP33DFWS,20,nonSeqFull,0,0.8,2,8,C,8,2,0.5,0.30000000000000004,0.0
359,A2FGKKWP33DFWS,21,nonSeqFull,0,0.5,4,1,B,5,5,0.6,0.09999999999999998,0.4
360,A2FGKKWP33DFWS,22,seqFeedback,0,0.2,2,8,C,8,2,0.5,,
361,A2FGKKWP33DFWS,22,seqFeedback,1,0.2,2,8,C,8,2,0.6,0.39999999999999997,0.0
362,A2FGKKWP33DFWS,23,seqNoFeedback,0,0.8,1,4,A,8,2,,,
363,A2FGKKWP33DFWS,23,seqNoFeedback,1,0.8,1,4,A,8,2,0.68,0.12,0.0
364,A2I43BDUPAM00C,0,nonSeqFull,0,0.2,8,2,D,2,8,0.5,0.3,0.0
365,A2I43BDUPAM00C,1,nonSeqPartial,0,0.5,1,4,A,5,5,0.4,0.09999999999999998,0.4
366,A2I43BDUPAM00C,2,seqFeedback,0,0.8,1,4,A,8,2,0.6,,
367,A2I43BDUPAM00C,2,seqFeedback,1,0.8,1,4,A,8,2,0.68,0.12,0.0
368,A2I43BDUPAM00C,3,nonSeqPartial,0,0.5,2,8,C,5,5,0.35,0.15000000000000002,0.0
369,A2I43BDUPAM00C,4,nonSeqPartial,0,0.2,2,8,C,2,0,0.3333333333333333,0.1333333333333333,0.0
370,A2I43BDUPAM00C,5,nonSeqFull,0,0.5,2,8,C,5,0,0.4666666666666667,0.033333333333333326,0.45
371,A2I43BDUPAM00C,6,seqFeedback,0,0.2,2,8,C,2,0,0.3333333333333333,,
372,A2I43BDUPAM00C,6,seqFeedback,1,0.2,2,8,C,2,0,0.42857142857142855,0.22857142857142854,0.0
373,A2I43BDUPAM00C,7,nonSeqFull,0,0.8,1,4,A,8,2,0.6,0.20000000000000007,0.0
374,A2I43BDUPAM00C,8,seqFeedback,0,0.2,4,1,B,2,0,0.8571428571428571,,
375,A2I43BDUPAM00C,8,seqFeedback,1,0.2,4,1,B,2,0,0.8888888888888888,0.6888888888888889,0.0
376,A2I43BDUPAM00C,9,seqNoFeedback,0,0.8,1,4,A,8,2,,,
377,A2I43BDUPAM00C,9,seqNoFeedback,1,0.8,1,4,A,8,2,0.68,0.12,0.0
378,A2I43BDUPAM00C,10,seqNoFeedback,0,0.8,2,8,C,8,2,,,
379,A2I43BDUPAM00C,10,seqNoFeedback,1,0.8,2,8,C,8,2,0.6,0.20000000000000007,0.0
380,A2I43BDUPAM00C,11,seqFeedback,0,0.5,2,8,C,5,0,0.4666666666666667,,
381,A2I43BDUPAM00C,11,seqFeedback,1,0.5,2,8,C,5,0,0.6,0.09999999999999998,0.4
382,A2I43BDUPAM00C,12,seqFeedback,0,0.8,2,8,C,8,0,0.5555555555555556,,
383,A2I43BDUPAM00C,12,seqFeedback,1,0.8,2,8,C,8,0,0.6923076923076923,0.10769230769230775,0.0
384,A2I43BDUPAM00C,13,nonSeqFull,0,0.2,1,4,A,2,0,0.42857142857142855,0.22857142857142854,0.0
385,A2I43BDUPAM00C,14,seqNoFeedback,0,0.2,2,8,C,2,0,,,
386,A2I43BDUPAM00C,14,seqNoFeedback,1,0.2,2,8,C,2,0,0.42857142857142855,0.22857142857142854,0.0
387,A2I43BDUPAM00C,15,seqNoFeedback,0,0.5,4,1,B,5,0,,,
388,A2I43BDUPAM00C,15,seqNoFeedback,1,0.5,4,1,B,5,0,0.9333333333333333,0.43333333333333335,0.0
389,A2I43BDUPAM00C,16,seqNoFeedback,0,0.2,4,1,B,2,0,,,
390,A2I43BDUPAM00C,16,seqNoFeedback,1,0.2,4,1,B,2,0,0.8888888888888888,0.6888888888888889,0.0
391,A2I43BDUPAM00C,17,nonSeqPartial,0,0.8,8,2,D,0,2,0.6666666666666666,0.13333333333333341,0.0
392,A2I43BDUPAM00C,18,nonSeqFull,0,0.5,1,4,A,5,0,0.6,0.09999999999999998,0.45
393,A2I43BDUPAM00C,19,seqNoFeedback,0,0.5,2,8,C,1,1,,,
394,A2I43BDUPAM00C,19,seqNoFeedback,1,0.5,2,8,C,1,1,0.2857142857142857,0.2142857142857143,0.0
395,A2I43BDUPAM00C,20,nonSeqFull,0,0.8,2,8,C,0,2,0.16666666666666666,0.6333333333333334,0.0
396,A2I43BDUPAM00C,21,nonSeqPartial,0,0.8,1,4,A,0,2,0.14285714285714285,0.6571428571428573,0.0
397,A2I43BDUPAM00C,22,nonSeqPartial,0,0.2,1,4,A,2,0,0.42857142857142855,0.22857142857142854,0.0
398,A2I43BDUPAM00C,23,seqFeedback,0,0.5,4,1,B,1,1,0.7142857142857143,,
399,A2I43BDUPAM00C,23,seqFeedback,1,0.5,4,1,B,2,2,0.6363636363636364,0.13636363636363635,0.0
400,A2IQ0QCTQ3KWLT,0,seqFeedback,0,0.2,4,1,B,15,15,0.5428571428571428,,
401,A2IQ0QCTQ3KWLT,0,seqFeedback,1,0.2,4,1,B,10,20,0.4461538461538462,0.24615384615384617,0.0
402,A2IQ0QCTQ3KWLT,1,seqNoFeedback,0,0.8,8,2,D,30,0,,,
403,A2IQ0QCTQ3KWLT,1,seqNoFeedback,1,0.8,8,2,D,30,0,0.9714285714285714,0.17142857142857137,0.0
404,A2IQ0QCTQ3KWLT,2,nonSeqPartial,0,0.2,4,1,B,1,4,0.5,0.3,0.0
405,A2IQ0QCTQ3KWLT,3,nonSeqPartial,0,0.8,8,2,D,8,2,0.8,0.0,0.4
406,A2IQ0QCTQ3KWLT,4,nonSeqPartial,0,0.5,2,8,C,5,5,0.35,0.15000000000000002,0.0
407,A2IQ0QCTQ3KWLT,5,seqFeedback,0,0.5,8,2,D,6,3,0.7368421052631579,,
408,A2IQ0QCTQ3KWLT,5,seqFeedback,1,0.5,8,2,D,5,0,0.7916666666666666,0.29166666666666663,0.0
409,A2IQ0QCTQ3KWLT,6,seqFeedback,0,0.8,4,1,B,8,0,0.9230769230769231,,
410,A2IQ0QCTQ3KWLT,6,seqFeedback,1,0.8,4,1,B,8,0,0.9523809523809523,0.15238095238095228,0.0
411,A2IQ0QCTQ3KWLT,7,seqNoFeedback,0,0.2,2,8,C,2,8,,,
412,A2IQ0QCTQ3KWLT,7,seqNoFeedback,1,0.2,2,8,C,2,8,0.2,0.0,0.3
413,A2IQ0QCTQ3KWLT,8,seqNoFeedback,0,0.5,1,4,A,6,1,,,
414,A2IQ0QCTQ3KWLT,8,seqNoFeedback,1,0.5,1,4,A,6,2,0.65,0.15000000000000002,0.0
415,A2IQ0QCTQ3KWLT,9,seqNoFeedback,0,0.8,4,1,B,8,0,,,
416,A2IQ0QCTQ3KWLT,9,seqNoFeedback,1,0.8,4,1,B,8,0,0.9523809523809523,0.15238095238095228,0.0
417,A2IQ0QCTQ3KWLT,10,nonSeqFull,0,0.2,2,8,C,2,8,0.2,0.0,0.4
418,A2IQ0QCTQ3KWLT,11,seqFeedback,0,0.2,2,8,C,2,8,0.2,,
419,A2IQ0QCTQ3KWLT,11,seqFeedback,1,0.2,2,8,C,2,8,0.2,0.0,0.3
420,A2IQ0QCTQ3KWLT,12,nonSeqPartial,0,0.2,2,8,C,2,8,0.2,0.0,0.4
421,A2IQ0QCTQ3KWLT,13,nonSeqFull,0,0.8,4,1,B,4,1,0.8,0.0,0.45
422,A2IQ0QCTQ3KWLT,14,nonSeqFull,0,0.2,1,4,A,1,4,0.2,0.0,0.45
423,A2IQ0QCTQ3KWLT,15,seqNoFeedback,0,0.2,4,1,B,1,4,,,
424,A2IQ0QCTQ3KWLT,15,seqNoFeedback,1,0.2,4,1,B,1,4,0.4,0.2,0.0
425,A2IQ0QCTQ3KWLT,16,seqFeedback,0,0.8,2,8,C,8,2,0.5,,
426,A2IQ0QCTQ3KWLT,16,seqFeedback,1,0.8,2,8,C,8,2,0.6,0.20000000000000007,0.0
427,A2IQ0QCTQ3KWLT,17,nonSeqFull,0,0.8,2,8,C,8,2,0.5,0.30000000000000004,0.0
428,A2IQ0QCTQ3KWLT,18,nonSeqPartial,0,0.5,4,1,B,4,4,0.6153846153846154,0.11538461538461542,0.0
429,A2IQ0QCTQ3KWLT,19,nonSeqFull,0,0.5,1,4,A,2,4,0.2727272727272727,0.2272727272727273,0.0
430,A2IQ0QCTQ3KWLT,20,nonSeqPartial,0,0.8,1,4,A,4,1,0.5,0.30000000000000004,0.0
431,A2IQ0QCTQ3KWLT,21,nonSeqFull,0,0.5,2,8,C,2,6,0.2222222222222222,0.2777777777777778,0.0
432,A2IQ0QCTQ3KWLT,22,seqNoFeedback,0,0.5,8,2,D,2,8,,,
433,A2IQ0QCTQ3KWLT,22,seqNoFeedback,1,0.5,8,2,D,2,8,0.4,0.09999999999999998,0.3
434,A2IQ0QCTQ3KWLT,23,seqFeedback,0,0.5,4,1,B,2,6,0.46153846153846156,,
435,A2IQ0QCTQ3KWLT,23,seqFeedback,1,0.5,4,1,B,1,3,0.4117647058823529,0.08823529411764708,0.38
436,A2JDYN6QM8M5UN,0,nonSeqFull,0,0.2,1,4,A,1,4,0.2,0.0,0.45
437,A2JDYN6QM8M5UN,1,seqNoFeedback,0,0.2,2,8,C,1,4,,,
438,A2JDYN6QM8M5UN,1,seqNoFeedback,1,0.2,2,8,C,1,4,0.2,0.0,0.4
439,A2JDYN6QM8M5UN,2,nonSeqPartial,0,0.5,2,8,C,1,2,0.23076923076923078,0.2692307692307692,0.0
440,A2JDYN6QM8M5UN,3,nonSeqFull,0,0.5,4,1,B,2,2,0.6666666666666666,0.16666666666666663,0.0
441,A2JDYN6QM8M5UN,4,seqFeedback,0,0.5,8,2,D,2,2,0.7142857142857143,,
442,A2JDYN6QM8M5UN,4,seqFeedback,1,0.5,8,2,D,2,3,0.631578947368421,0.13157894736842102,0.0
443,A2JDYN6QM8M5UN,5,seqNoFeedback,0,0.5,8,2,D,2,4,,,
444,A2JDYN6QM8M5UN,5,seqNoFeedback,1,0.5,8,2,D,1,2,0.5789473684210527,0.07894736842105265,0.41
445,A2JDYN6QM8M5UN,6,seqNoFeedback,0,0.8,1,4,A,4,1,,,
446,A2JDYN6QM8M5UN,6,seqNoFeedback,1,0.8,1,4,A,4,1,0.6,0.20000000000000007,0.0
447,A2JDYN6QM8M5UN,7,seqFeedback,0,0.8,2,8,C,4,3,0.35294117647058826,,
448,A2JDYN6QM8M5UN,7,seqFeedback,1,0.8,2,8,C,8,2,0.5185185185185185,0.28148148148148155,0.0
449,A2JDYN6QM8M5UN,8,nonSeqPartial,0,0.8,4,1,B,10,1,0.875,0.07499999999999996,0.39
450,A2JDYN6QM8M5UN,9,nonSeqFull,0,0.8,2,8,C,8,2,0.5,0.30000000000000004,0.0
451,A2JDYN6QM8M5UN,10,seqNoFeedback,0,0.2,1,4,A,1,6,,,
452,A2JDYN6QM8M5UN,10,seqNoFeedback,1,0.2,1,4,A,1,6,0.15789473684210525,0.04210526315789476,0.36
453,A2JDYN6QM8M5UN,11,nonSeqPartial,0,0.2,2,8,C,1,10,0.14285714285714285,0.05714285714285716,0.39
454,A2JDYN6QM8M5UN,12,seqFeedback,0,0.5,1,4,A,6,4,0.4666666666666667,,
455,A2JDYN6QM8M5UN,12,seqFeedback,1,0.5,1,4,A,3,2,0.5,0.0,0.35
456,A2JDYN6QM8M5UN,13,nonSeqPartial,0,0.8,2,8,C,3,1,0.35714285714285715,0.4428571428571429,0.0
457,A2JDYN6QM8M5UN,14,nonSeqFull,0,0.5,2,8,C,4,6,0.3,0.2,0.0
458,A2JDYN6QM8M5UN,15,nonSeqPartial,0,0.5,1,4,A,2,3,0.3,0.2,0.0
459,A2JDYN6QM8M5UN,16,seqNoFeedback,0,0.8,8,2,D,4,1,,,
460,A2JDYN6QM8M5UN,16,seqNoFeedback,1,0.8,8,2,D,7,3,0.76,0.040000000000000036,0.35
461,A2JDYN6QM8M5UN,17,seqNoFeedback,0,0.5,1,4,A,2,3,,,
462,A2JDYN6QM8M5UN,17,seqNoFeedback,1,0.5,1,4,A,2,3,0.3333333333333333,0.16666666666666669,0.0
463,A2JDYN6QM8M5UN,18,seqFeedback,0,0.2,8,2,D,1,4,0.6,,
464,A2JDYN6QM8M5UN,18,seqFeedback,1,0.2,8,2,D,1,10,0.38461538461538464,0.18461538461538463,0.0
465,A2JDYN6QM8M5UN,19,nonSeqFull,0,0.8,1,4,A,10,1,0.6875,0.11250000000000004,0.0
466,A2JDYN6QM8M5UN,20,seqFeedback,0,0.8,4,1,B,3,2,0.7,,
467,A2JDYN6QM8M5UN,20,seqFeedback,1,0.8,4,1,B,6,5,0.6190476190476191,0.18095238095238098,0.0
468,A2JDYN6QM8M5UN,21,seqFeedback,0,0.2,4,1,B,1,11,0.29411764705882354,,
469,A2JDYN6QM8M5UN,21,seqFeedback,1,0.2,4,1,B,1,11,0.20689655172413793,0.006896551724137917,0.26
470,A2JDYN6QM8M5UN,22,nonSeqPartial,0,0.2,1,4,A,1,11,0.11764705882352941,0.0823529411764706,0.38
471,A2JDYN6QM8M5UN,23,nonSeqFull,0,0.2,2,8,C,2,5,0.23529411764705882,0.03529411764705881,0.43
472,A2KLJKDG90K1PP,0,seqFeedback,0,0.2,2,8,C,1,4,0.2,,
473,A2KLJKDG90K1PP,0,seqFeedback,1,0.2,2,8,C,1,4,0.2,0.0,0.4
474,A2KLJKDG90K1PP,1,seqFeedback,0,0.2,1,4,A,1,4,0.2,,
475,A2KLJKDG90K1PP,1,seqFeedback,1,0.2,1,4,A,0,0,0.2,0.0,0.45
476,A2KLJKDG90K1PP,1,seqFeedback,1,0.2,1,4,A,0,0,0.2,0.0,0.45
477,A2KLJKDG90K1PP,1,seqFeedback,1,0.2,1,4,A,0,0,0.2,0.0,0.45
478,A2KLJKDG90K1PP,1,seqFeedback,1,0.2,1,4,A,1,4,0.2,0.0,0.4
479,A2KLJKDG90K1PP,2,nonSeqPartial,0,0.2,4,1,B,1,4,0.5,0.3,0.0
480,A2KLJKDG90K1PP,3,seqFeedback,0,0.8,8,2,D,4,1,0.8,,
481,A2KLJKDG90K1PP,3,seqFeedback,1,0.8,8,2,D,0,0,0.8,0.0,0.45
482,A2KLJKDG90K1PP,3,seqFeedback,1,0.8,8,2,D,4,1,0.8,0.0,0.4
483,A2KLJKDG90K1PP,4,seqNoFeedback,0,0.5,2,8,C,1,1,,,
484,A2KLJKDG90K1PP,4,seqNoFeedback,1,0.5,2,8,C,1,1,0.2857142857142857,0.2142857142857143,0.0
485,A2KLJKDG90K1PP,5,nonSeqFull,0,0.2,2,8,C,1,4,0.2,0.0,0.45
486,A2KLJKDG90K1PP,6,seqNoFeedback,0,0.2,2,8,C,1,4,,,
487,A2KLJKDG90K1PP,6,seqNoFeedback,1,0.2,2,8,C,1,4,0.2,0.0,0.4
488,A2KLJKDG90K1PP,7,seqNoFeedback,0,0.2,4,1,B,1,4,,,
489,A2KLJKDG90K1PP,7,seqNoFeedback,1,0.2,4,1,B,1,4,0.4,0.2,0.0
490,A2KLJKDG90K1PP,8,seqNoFeedback,0,0.5,1,4,A,5,5,,,
491,A2KLJKDG90K1PP,8,seqNoFeedback,1,0.5,1,4,A,5,5,0.44,0.06,0.3
492,A2KLJKDG90K1PP,9,seqNoFeedback,0,0.8,4,1,B,8,2,,,
493,A2KLJKDG90K1PP,9,seqNoFeedback,1,0.8,4,1,B,8,2,0.8,0.0,0.3
494,A2KLJKDG90K1PP,10,nonSeqFull,0,0.5,8,2,D,5,5,0.65,0.15000000000000002,0.0
495,A2KLJKDG90K1PP,11,nonSeqPartial,0,0.8,8,2,D,4,1,0.8,0.0,0.45
496,A2KLJKDG90K1PP,12,seqFeedback,0,0.5,2,8,C,1,1,0.25,,
497,A2KLJKDG90K1PP,12,seqFeedback,1,0.5,2,8,C,5,5,0.36363636363636365,0.13636363636363635,0.0
498,A2KLJKDG90K1PP,13,seqFeedback,0,0.5,1,4,A,5,5,0.4,,
499,A2KLJKDG90K1PP,13,seqFeedback,1,0.5,1,4,A,5,5,0.44,0.06,0.3
500,A2KLJKDG90K1PP,14,nonSeqPartial,0,0.2,8,2,D,1,4,0.6,0.39999999999999997,0.0
501,A2KLJKDG90K1PP,15,nonSeqFull,0,0.2,1,4,A,2,8,0.2,0.0,0.4
502,A2KLJKDG90K1PP,16,nonSeqFull,0,0.8,4,1,B,8,2,0.8,0.0,0.4
503,A2KLJKDG90K1PP,17,nonSeqPartial,0,0.5,2,8,C,1,1,0.25,0.25,0.0
504,A2KLJKDG90K1PP,18,nonSeqPartial,0,0.5,4,1,B,5,5,0.6,0.09999999999999998,0.4
505,A2KLJKDG90K1PP,19,nonSeqFull,0,0.5,4,1,B,5,5,0.6,0.09999999999999998,0.4
506,A2KLJKDG90K1PP,20,seqFeedback,0,0.8,4,1,B,8,2,0.8,,
507,A2KLJKDG90K1PP,20,seqFeedback,1,0.8,4,1,B,8,2,0.8,0.0,0.3
508,A2KLJKDG90K1PP,21,seqNoFeedback,0,0.8,8,2,D,8,2,,,
509,A2KLJKDG90K1PP,21,seqNoFeedback,1,0.8,8,2,D,8,2,0.8,0.0,0.3
510,A2KLJKDG90K1PP,22,nonSeqFull,0,0.8,8,2,D,8,2,0.8,0.0,0.4
511,A2KLJKDG90K1PP,23,nonSeqPartial,0,0.8,1,4,A,8,2,0.6,0.20000000000000007,0.0
512,A2MWAXV1YRK5GH,0,seqFeedback,0,0.5,1,4,A,5,5,0.4,,
513,A2MWAXV1YRK5GH,0,seqFeedback,1,0.5,1,4,A,1,1,0.4117647058823529,0.08823529411764708,0.38
514,A2MWAXV1YRK5GH,1,seqNoFeedback,0,0.8,8,2,D,8,2,,,
515,A2MWAXV1YRK5GH,1,seqNoFeedback,1,0.8,8,2,D,8,2,0.8,0.0,0.3
516,A2MWAXV1YRK5GH,2,nonSeqPartial,0,0.5,4,1,B,5,5,0.6,0.09999999999999998,0.4
517,A2MWAXV1YRK5GH,3,seqNoFeedback,0,0.5,2,8,C,1,1,,,
518,A2MWAXV1YRK5GH,3,seqNoFeedback,1,0.5,2,8,C,8,8,0.39285714285714285,0.10714285714285715,0.0
519,A2MWAXV1YRK5GH,4,seqNoFeedback,0,0.5,4,1,B,5,5,,,
520,A2MWAXV1YRK5GH,4,seqNoFeedback,1,0.5,4,1,B,5,5,0.56,0.06000000000000005,0.3
521,A2MWAXV1YRK5GH,5,nonSeqPartial,0,0.8,1,4,A,8,2,0.6,0.20000000000000007,0.0
522,A2MWAXV1YRK5GH,6,seqFeedback,0,0.8,4,1,B,8,2,0.8,,
523,A2MWAXV1YRK5GH,6,seqFeedback,1,0.8,4,1,B,8,2,0.8,0.0,0.3
524,A2MWAXV1YRK5GH,7,nonSeqPartial,0,0.2,1,4,A,2,8,0.2,0.0,0.4
525,A2MWAXV1YRK5GH,8,seqFeedback,0,0.5,2,8,C,5,5,0.35,,
526,A2MWAXV1YRK5GH,8,seqFeedback,1,0.5,2,8,C,5,5,0.4,0.09999999999999998,0.3
527,A2MWAXV1YRK5GH,9,nonSeqPartial,0,0.2,8,2,D,2,8,0.5,0.3,0.0
528,A2MWAXV1YRK5GH,10,nonSeqPartial,0,0.8,8,2,D,8,2,0.8,0.0,0.4
529,A2MWAXV1YRK5GH,11,nonSeqFull,0,0.5,4,1,B,5,5,0.6,0.09999999999999998,0.4
530,A2MWAXV1YRK5GH,12,nonSeqFull,0,0.8,2,8,C,8,2,0.5,0.30000000000000004,0.0
531,A2MWAXV1YRK5GH,13,nonSeqFull,0,0.8,1,4,A,8,2,0.6,0.20000000000000007,0.0
532,A2MWAXV1YRK5GH,14,seqFeedback,0,0.2,4,1,B,2,8,0.4,,
533,A2MWAXV1YRK5GH,14,seqFeedback,1,0.2,4,1,B,2,8,0.32,0.12,0.0
534,A2MWAXV1YRK5GH,15,nonSeqFull,0,0.2,4,1,B,2,8,0.4,0.2,0.0
535,A2MWAXV1YRK5GH,16,seqFeedback,0,0.8,8,2,D,8,2,0.8,,
536,A2MWAXV1YRK5GH,16,seqFeedback,1,0.8,8,2,D,8,2,0.8,0.0,0.3
537,A2MWAXV1YRK5GH,17,seqNoFeedback,0,0.8,4,1,B,8,2,,,
538,A2MWAXV1YRK5GH,17,seqNoFeedback,1,0.8,4,1,B,8,2,0.8,0.0,0.3
539,A2MWAXV1YRK5GH,18,nonSeqPartial,0,0.5,8,2,D,10,10,0.6,0.09999999999999998,0.3
540,A2MWAXV1YRK5GH,19,nonSeqFull,0,0.5,8,2,D,5,5,0.65,0.15000000000000002,0.0
541,A2MWAXV1YRK5GH,20,seqNoFeedback,0,0.2,4,1,B,2,8,,,
542,A2MWAXV1YRK5GH,20,seqNoFeedback,1,0.2,4,1,B,2,8,0.32,0.12,0.0
543,A2MWAXV1YRK5GH,21,nonSeqFull,0,0.2,2,8,C,2,8,0.2,0.0,0.4
544,A2MWAXV1YRK5GH,22,seqFeedback,0,0.2,8,2,D,2,8,0.5,,
545,A2MWAXV1YRK5GH,22,seqFeedback,1,0.2,8,2,D,2,8,0.4,0.2,0.0
546,A2MWAXV1YRK5GH,23,seqNoFeedback,0,0.2,2,8,C,2,8,,,
547,A2MWAXV1YRK5GH,23,seqNoFeedback,1,0.2,2,8,C,2,8,0.2,0.0,0.3
548,A2QTL039A5VV3I,0,seqFeedback,0,0.8,8,2,D,8,2,0.8,,
549,A2QTL039A5VV3I,0,seqFeedback,1,0.8,8,2,D,0,0,0.8,0.0,0.4
550,A2QTL039A5VV3I,0,seqFeedback,1,0.8,8,2,D,0,0,0.8,0.0,0.4
551,A2QTL039A5VV3I,0,seqFeedback,1,0.8,8,2,D,4,1,0.8,0.0,0.35
552,A2QTL039A5VV3I,1,nonSeqFull,0,0.2,4,1,B,1,4,0.5,0.3,0.0
553,A2QTL039A5VV3I,2,nonSeqPartial,0,0.5,2,8,C,3,3,0.3125,0.1875,0.0
554,A2QTL039A5VV3I,3,nonSeqPartial,0,0.2,2,8,C,1,5,0.1875,0.012500000000000011,0.44
555,A2QTL039A5VV3I,4,nonSeqPartial,0,0.8,2,8,C,4,1,0.4,0.4,0.0
556,A2QTL039A5VV3I,5,seqFeedback,0,0.5,8,2,D,5,5,0.65,,
557,A2QTL039A5VV3I,5,seqFeedback,1,0.5,8,2,D,5,5,0.6,0.09999999999999998,0.3
558,A2QTL039A5VV3I,6,nonSeqFull,0,0.5,8,2,D,8,8,0.6153846153846154,0.11538461538461542,0.0
559,A2QTL039A5VV3I,7,seqFeedback,0,0.2,8,2,D,1,4,0.6,,
560,A2QTL039A5VV3I,7,seqFeedback,1,0.2,8,2,D,1,7,0.43478260869565216,0.23478260869565215,0.0
561,A2QTL039A5VV3I,8,nonSeqPartial,0,0.2,1,4,A,0,5,0.1,0.1,0.45
562,A2QTL039A5VV3I,9,nonSeqFull,0,0.8,8,2,D,4,0,0.8571428571428571,0.05714285714285705,0.46
563,A2QTL039A5VV3I,10,nonSeqFull,0,0.2,8,2,D,0,4,0.5714285714285714,0.3714285714285714,0.0
564,A2QTL039A5VV3I,11,nonSeqPartial,0,0.8,4,1,B,8,2,0.8,0.0,0.4
565,A2QTL039A5VV3I,12,seqFeedback,0,0.5,1,4,A,4,4,0.38461538461538464,,
566,A2QTL039A5VV3I,12,seqFeedback,1,0.5,1,4,A,5,5,0.43478260869565216,0.06521739130434784,0.32
567,A2QTL039A5VV3I,13,seqNoFeedback,0,0.8,4,1,B,8,2,,,
568,A2QTL039A5VV3I,13,seqNoFeedback,1,0.8,4,1,B,5,1,0.8095238095238095,0.00952380952380949,0.34
569,A2QTL039A5VV3I,14,seqNoFeedback,0,0.2,8,2,D,1,4,,,
570,A2QTL039A5VV3I,14,seqNoFeedback,1,0.2,8,2,D,5,1,0.6666666666666666,0.4666666666666666,0.0
571,A2QTL039A5VV3I,15,nonSeqPartial,0,0.5,4,1,B,4,4,0.6153846153846154,0.11538461538461542,0.0
572,A2QTL039A5VV3I,16,seqNoFeedback,0,0.5,2,8,C,5,5,,,
573,A2QTL039A5VV3I,16,seqNoFeedback,1,0.5,2,8,C,3,3,0.38461538461538464,0.11538461538461536,0.0
574,A2QTL039A5VV3I,17,seqNoFeedback,0,0.2,1,4,A,1,5,,,
575,A2QTL039A5VV3I,17,seqNoFeedback,1,0.2,1,4,A,1,4,0.1875,0.012500000000000011,0.39
576,A2QTL039A5VV3I,18,nonSeqFull,0,0.5,1,4,A,4,4,0.38461538461538464,0.11538461538461536,0.0
577,A2QTL039A5VV3I,19,seqFeedback,0,0.8,4,1,B,4,1,0.8,,
578,A2QTL039A5VV3I,19,seqFeedback,1,0.8,4,1,B,4,1,0.8,0.0,0.4
579,A2QTL039A5VV3I,20,seqNoFeedback,0,0.5,1,4,A,3,3,,,
580,A2QTL039A5VV3I,20,seqNoFeedback,1,0.5,1,4,A,2,2,0.4,0.09999999999999998,0.4
581,A2QTL039A5VV3I,21,nonSeqFull,0,0.8,4,1,B,4,1,0.8,0.0,0.45
582,A2QTL039A5VV3I,22,seqFeedback,0,0.2,1,4,A,1,3,0.2222222222222222,,
583,A2QTL039A5VV3I,22,seqFeedback,1,0.2,1,4,A,1,4,0.21428571428571427,0.014285714285714263,0.41
584,A2QTL039A5VV3I,23,seqNoFeedback,0,0.8,8,2,D,4,1,,,
585,A2QTL039A5VV3I,23,seqNoFeedback,1,0.8,8,2,D,3,1,0.7894736842105263,0.010526315789473717,0.41
586,A2VAL2BRKVSUB5,0,seqNoFeedback,0,0.5,1,4,A,5,5,,,
587,A2VAL2BRKVSUB5,0,seqNoFeedback,1,0.5,1,4,A,10,10,0.45714285714285713,0.04285714285714287,0.2
588,A2VAL2BRKVSUB5,1,seqNoFeedback,0,0.8,8,2,D,10,2,,,
589,A2VAL2BRKVSUB5,1,seqNoFeedback,1,0.8,8,2,D,20,4,0.8260869565217391,0.02608695652173909,0.14
590,A2VAL2BRKVSUB5,2,nonSeqPartial,0,0.8,2,8,C,20,4,0.6470588235294118,0.15294117647058825,0.0
591,A2VAL2BRKVSUB5,3,nonSeqFull,0,0.2,1,4,A,8,2,0.6,0.39999999999999997,0.0
592,A2VAL2BRKVSUB5,4,seqFeedback,0,0.5,1,4,A,20,20,0.4666666666666667,,
593,A2VAL2BRKVSUB5,4,seqFeedback,0,0.5,1,4,A,30,30,0.47692307692307695,,
594,A2VAL2BRKVSUB5,4,seqFeedback,0,0.5,1,4,A,10,10,0.44,,
595,A2VAL2BRKVSUB5,4,seqFeedback,1,0.5,1,4,A,15,15,0.48,0.020000000000000018,0.0
596,A2VAL2BRKVSUB5,5,nonSeqPartial,0,0.2,2,8,C,4,16,0.2,0.0,0.3
597,A2VAL2BRKVSUB5,6,seqNoFeedback,0,0.2,2,8,C,2,8,,,
598,A2VAL2BRKVSUB5,6,seqNoFeedback,1,0.2,2,8,C,4,16,0.2,0.0,0.2
599,A2VAL2BRKVSUB5,7,nonSeqFull,0,0.2,8,2,D,4,16,0.4,0.2,0.0
600,A2VAL2BRKVSUB5,8,nonSeqPartial,0,0.2,1,4,A,4,16,0.2,0.0,0.3
601,A2VAL2BRKVSUB5,9,seqFeedback,0,0.2,2,8,C,2,8,0.2,,
602,A2VAL2BRKVSUB5,9,seqFeedback,1,0.2,2,8,C,4,16,0.2,0.0,0.2
603,A2VAL2BRKVSUB5,10,seqFeedback,0,0.2,4,1,B,2,8,0.4,,
604,A2VAL2BRKVSUB5,10,seqFeedback,1,0.2,4,1,B,0,19,0.17647058823529413,0.023529411764705882,0.21
605,A2VAL2BRKVSUB5,11,seqFeedback,0,0.5,2,8,C,10,10,0.4,,
606,A2VAL2BRKVSUB5,11,seqFeedback,1,0.5,2,8,C,15,12,0.47368421052631576,0.026315789473684237,0.03
607,A2VAL2BRKVSUB5,12,seqNoFeedback,0,0.8,1,4,A,8,2,,,
608,A2VAL2BRKVSUB5,12,seqNoFeedback,1,0.8,1,4,A,16,4,0.7142857142857143,0.08571428571428574,0.2
609,A2VAL2BRKVSUB5,13,seqNoFeedback,0,0.2,1,4,A,2,8,,,
610,A2VAL2BRKVSUB5,13,seqNoFeedback,1,0.2,1,4,A,4,16,0.2,0.0,0.2
611,A2VAL2BRKVSUB5,14,nonSeqPartial,0,0.5,2,8,C,15,15,0.425,0.07500000000000001,0.2
612,A2VAL2BRKVSUB5,15,nonSeqFull,0,0.5,2,8,C,18,12,0.5,0.0,0.2
613,A2VAL2BRKVSUB5,16,nonSeqFull,0,0.8,4,1,B,12,3,0.8,0.0,0.35
614,A2VAL2BRKVSUB5,17,nonSeqFull,0,0.5,1,4,A,19,16,0.5,0.0,0.15
615,A2VAL2BRKVSUB5,17,nonSeqFull,0,0.5,1,4,A,9,6,0.5,0.0,0.35
616,A2VAL2BRKVSUB5,18,nonSeqPartial,0,0.8,4,1,B,16,4,0.8,0.0,0.3
617,A2VAL2BRKVSUB5,19,seqFeedback,0,0.8,4,1,B,8,2,0.8,,
618,A2VAL2BRKVSUB5,19,seqFeedback,1,0.8,4,1,B,16,4,0.8,0.0,0.2
619,A2VAL2BRKVSUB5,20,nonSeqPartial,0,0.5,4,1,B,14,14,0.5454545454545454,0.045454545454545414,0.22
620,A2VAL2BRKVSUB5,21,nonSeqFull,0,0.8,2,8,C,30,0,0.8,0.0,0.2
621,A2VAL2BRKVSUB5,22,seqNoFeedback,0,0.5,8,2,D,15,15,,,
622,A2VAL2BRKVSUB5,22,seqNoFeedback,1,0.5,8,2,D,15,15,0.5428571428571428,0.042857142857142816,0.0
623,A2VAL2BRKVSUB5,23,seqFeedback,0,0.8,8,2,D,8,2,0.8,,
624,A2VAL2BRKVSUB5,23,seqFeedback,1,0.8,8,2,D,16,4,0.8,0.0,0.2
625,A2VZBQLSFZC519,0,nonSeqPartial,0,0.5,2,8,C,1,1,0.25,0.25,0.0
626,A2VZBQLSFZC519,1,nonSeqPartial,0,0.2,8,2,D,1,1,0.75,0.55,0.0
627,A2VZBQLSFZC519,2,seqFeedback,0,0.5,1,4,A,4,1,0.5,,
628,A2VZBQLSFZC519,2,seqFeedback,1,0.5,1,4,A,0,0,0.5,0.0,0.45
629,A2VZBQLSFZC519,2,seqFeedback,1,0.5,1,4,A,1,1,0.5,0.0,0.43
630,A2VZBQLSFZC519,3,seqNoFeedback,0,0.8,1,4,A,4,6,,,
631,A2VZBQLSFZC519,3,seqNoFeedback,1,0.8,1,4,A,8,2,0.52,0.28,0.0
632,A2VZBQLSFZC519,4,seqNoFeedback,0,0.8,2,8,C,8,2,,,
633,A2VZBQLSFZC519,4,seqNoFeedback,1,0.8,2,8,C,1,0,0.5238095238095238,0.2761904761904762,0.0
634,A2VZBQLSFZC519,5,nonSeqPartial,0,0.8,8,2,D,8,2,0.8,0.0,0.4
635,A2VZBQLSFZC519,6,nonSeqPartial,0,0.8,4,1,B,6,2,0.7692307692307693,0.03076923076923077,0.42
636,A2VZBQLSFZC519,7,nonSeqPartial,0,0.2,1,4,A,0,6,0.09090909090909091,0.1090909090909091,0.0
637,A2VZBQLSFZC519,8,nonSeqFull,0,0.2,4,1,B,0,4,0.4444444444444444,0.2444444444444444,0.0
638,A2VZBQLSFZC519,9,seqNoFeedback,0,0.2,8,2,D,0,8,,,
639,A2VZBQLSFZC519,9,seqNoFeedback,1,0.2,8,2,D,0,2,0.4,0.2,0.0
640,A2VZBQLSFZC519,10,seqNoFeedback,0,0.2,4,1,B,0,4,,,
641,A2VZBQLSFZC519,10,seqNoFeedback,1,0.2,4,1,B,0,5,0.2857142857142857,0.08571428571428569,0.41
642,A2VZBQLSFZC519,11,seqFeedback,0,0.8,4,1,B,0,8,0.3076923076923077,,
643,A2VZBQLSFZC519,11,seqFeedback,1,0.8,4,1,B,10,0,0.6086956521739131,0.19130434782608696,0.0
644,A2VZBQLSFZC519,12,nonSeqFull,0,0.8,1,4,A,8,1,0.6428571428571429,0.15714285714285714,0.0
645,A2VZBQLSFZC519,13,seqNoFeedback,0,0.5,8,2,D,5,5,,,
646,A2VZBQLSFZC519,13,seqNoFeedback,1,0.5,8,2,D,5,5,0.6,0.09999999999999998,0.3
647,A2VZBQLSFZC519,14,nonSeqFull,0,0.8,8,2,D,4,1,0.8,0.0,0.45
648,A2VZBQLSFZC519,15,seqFeedback,0,0.8,8,2,D,4,0,0.8571428571428571,,
649,A2VZBQLSFZC519,15,seqFeedback,1,0.8,8,2,D,2,1,0.8235294117647058,0.0235294117647058,0.43
650,A2VZBQLSFZC519,16,seqFeedback,0,0.5,2,8,C,5,5,0.35,,
651,A2VZBQLSFZC519,16,seqFeedback,1,0.5,2,8,C,3,0,0.43478260869565216,0.06521739130434784,0.37
652,A2VZBQLSFZC519,17,seqFeedback,0,0.2,2,8,C,0,10,0.1,,
653,A2VZBQLSFZC519,17,seqFeedback,1,0.2,2,8,C,2,3,0.16,0.04000000000000001,0.35
654,A2VZBQLSFZC519,18,seqFeedback,0,0.2,1,4,A,5,5,0.4,,
655,A2VZBQLSFZC519,18,seqFeedback,1,0.2,1,4,A,0,4,0.3157894736842105,0.1157894736842105,0.0
656,A2VZBQLSFZC519,19,nonSeqFull,0,0.5,2,8,C,8,2,0.5,0.0,0.4
657,A2VZBQLSFZC519,20,nonSeqPartial,0,0.5,4,1,B,2,2,0.6666666666666666,0.16666666666666663,0.0
658,A2VZBQLSFZC519,21,nonSeqFull,0,0.5,4,1,B,1,4,0.5,0.0,0.45
659,A2VZBQLSFZC519,22,nonSeqFull,0,0.2,8,2,D,0,12,0.36363636363636365,0.16363636363636364,0.0
660,A2VZBQLSFZC519,23,seqNoFeedback,0,0.5,4,1,B,2,2,,,
661,A2VZBQLSFZC519,23,seqNoFeedback,1,0.5,4,1,B,2,2,0.6153846153846154,0.11538461538461542,0.0
662,A34SIGOLUGKIHJ,0,nonSeqPartial,0,0.2,8,2,D,1,9,0.45,0.25,0.0
663,A34SIGOLUGKIHJ,1,nonSeqFull,0,0.8,4,1,B,16,4,0.8,0.0,0.3
664,A34SIGOLUGKIHJ,2,nonSeqPartial,0,0.2,1,4,A,1,8,0.14285714285714285,0.05714285714285716,0.41
665,A34SIGOLUGKIHJ,3,seqNoFeedback,0,0.8,4,1,B,7,1,,,
666,A34SIGOLUGKIHJ,3,seqNoFeedback,1,0.8,4,1,B,6,1,0.85,0.04999999999999993,0.35
667,A34SIGOLUGKIHJ,4,seqNoFeedback,0,0.2,8,2,D,1,7,,,
668,A34SIGOLUGKIHJ,4,seqNoFeedback,1,0.2,8,2,D,1,8,0.37037037037037035,0.17037037037037034,0.0
669,A34SIGOLUGKIHJ,5,seqNoFeedback,0,0.8,8,2,D,6,1,,,
670,A34SIGOLUGKIHJ,5,seqNoFeedback,1,0.8,8,2,D,7,1,0.84,0.039999999999999925,0.35
671,A34SIGOLUGKIHJ,6,nonSeqFull,0,0.2,4,1,B,1,6,0.4166666666666667,0.21666666666666667,0.0
672,A34SIGOLUGKIHJ,7,nonSeqPartial,0,0.8,1,4,A,16,4,0.68,0.12,0.0
673,A34SIGOLUGKIHJ,8,nonSeqPartial,0,0.5,8,2,D,7,7,0.625,0.125,0.0
674,A34SIGOLUGKIHJ,9,seqFeedback,0,0.2,1,4,A,1,7,0.15384615384615385,,
675,A34SIGOLUGKIHJ,9,seqFeedback,1,0.2,1,4,A,1,8,0.13636363636363635,0.06363636363636366,0.33
676,A34SIGOLUGKIHJ,10,nonSeqFull,0,0.5,1,4,A,7,5,0.47058823529411764,0.02941176470588236,0.38
677,A34SIGOLUGKIHJ,11,nonSeqPartial,0,0.5,4,1,B,6,3,0.7142857142857143,0.2142857142857143,0.0
678,A34SIGOLUGKIHJ,12,seqFeedback,0,0.2,8,2,D,2,8,0.5,,
679,A34SIGOLUGKIHJ,12,seqFeedback,1,0.2,8,2,D,8,1,0.6206896551724138,0.4206896551724138,0.0
680,A34SIGOLUGKIHJ,13,seqFeedback,0,0.5,1,4,A,4,1,0.5,,
681,A34SIGOLUGKIHJ,13,seqFeedback,1,0.5,1,4,A,1,1,0.5,0.0,0.43
682,A34SIGOLUGKIHJ,14,nonSeqFull,0,0.8,8,2,D,9,1,0.85,0.04999999999999993,0.4
683,A34SIGOLUGKIHJ,15,seqNoFeedback,0,0.5,1,4,A,4,1,,,
684,A34SIGOLUGKIHJ,15,seqNoFeedback,1,0.5,1,4,A,1,4,0.4,0.09999999999999998,0.4
685,A34SIGOLUGKIHJ,16,seqFeedback,0,0.8,4,1,B,8,0,0.9230769230769231,,
686,A34SIGOLUGKIHJ,16,seqFeedback,1,0.8,4,1,B,7,2,0.8636363636363636,0.0636363636363636,0.33
687,A34SIGOLUGKIHJ,17,seqFeedback,0,0.8,2,8,C,6,0,0.5,,
688,A34SIGOLUGKIHJ,17,seqFeedback,1,0.8,2,8,C,8,2,0.6153846153846154,0.18461538461538463,0.0
689,A34SIGOLUGKIHJ,18,seqNoFeedback,0,0.5,2,8,C,8,8,,,
690,A34SIGOLUGKIHJ,18,seqNoFeedback,1,0.5,2,8,C,4,4,0.4117647058823529,0.08823529411764708,0.26
691,A34SIGOLUGKIHJ,19,seqFeedback,0,0.5,8,2,D,4,2,0.75,,
692,A34SIGOLUGKIHJ,19,seqFeedback,1,0.5,8,2,D,7,0,0.8260869565217391,0.32608695652173914,0.0
693,A34SIGOLUGKIHJ,20,nonSeqFull,0,0.2,2,8,C,1,4,0.2,0.0,0.45
694,A34SIGOLUGKIHJ,21,nonSeqFull,0,0.5,8,2,D,2,8,0.5,0.0,0.4
695,A34SIGOLUGKIHJ,22,seqNoFeedback,0,0.2,1,4,A,4,0,,,
696,A34SIGOLUGKIHJ,22,seqNoFeedback,1,0.2,1,4,A,0,8,0.29411764705882354,0.09411764705882353,0.38
697,A34SIGOLUGKIHJ,23,nonSeqPartial,0,0.8,8,2,D,8,0,0.8888888888888888,0.0888888888888888,0.42
698,A34YDGVZKRJ0LZ,0,seqFeedback,0,0.5,2,8,C,5,5,0.35,,
699,A34YDGVZKRJ0LZ,0,seqFeedback,1,0.5,2,8,C,5,5,0.4,0.09999999999999998,0.3
700,A34YDGVZKRJ0LZ,1,nonSeqFull,0,0.2,1,4,A,2,8,0.2,0.0,0.4
701,A34YDGVZKRJ0LZ,2,seqNoFeedback,0,0.8,2,8,C,8,2,,,
702,A34YDGVZKRJ0LZ,2,seqNoFeedback,1,0.8,2,8,C,8,2,0.6,0.20000000000000007,0.0
703,A34YDGVZKRJ0LZ,3,seqFeedback,0,0.8,8,2,D,8,2,0.8,,
704,A34YDGVZKRJ0LZ,3,seqFeedback,1,0.8,8,2,D,8,2,0.8,0.0,0.3
705,A34YDGVZKRJ0LZ,4,nonSeqPartial,0,0.2,8,2,D,2,8,0.5,0.3,0.0
706,A34YDGVZKRJ0LZ,5,seqNoFeedback,0,0.2,4,1,B,2,0,,,
707,A34YDGVZKRJ0LZ,5,seqNoFeedback,1,0.2,4,1,B,2,0,0.8888888888888888,0.6888888888888889,0.0
708,A34YDGVZKRJ0LZ,6,nonSeqFull,0,0.8,4,1,B,8,2,0.8,0.0,0.4
709,A34YDGVZKRJ0LZ,7,nonSeqFull,0,0.5,2,8,C,5,5,0.35,0.15000000000000002,0.0
710,A34YDGVZKRJ0LZ,8,nonSeqFull,0,0.5,4,1,B,1,1,0.7142857142857143,0.2142857142857143,0.0
711,A34YDGVZKRJ0LZ,9,nonSeqPartial,0,0.5,2,8,C,5,5,0.35,0.15000000000000002,0.0
712,A34YDGVZKRJ0LZ,10,nonSeqPartial,0,0.5,1,4,A,4,1,0.5,0.0,0.45
713,A34YDGVZKRJ0LZ,11,nonSeqPartial,0,0.8,1,4,A,4,1,0.5,0.30000000000000004,0.0
714,A34YDGVZKRJ0LZ,12,nonSeqPartial,0,0.2,1,4,A,2,8,0.2,0.0,0.4
715,A34YDGVZKRJ0LZ,13,nonSeqFull,0,0.2,8,2,D,2,8,0.5,0.3,0.0
716,A34YDGVZKRJ0LZ,14,nonSeqPartial,0,0.8,8,2,D,8,2,0.8,0.0,0.4
717,A34YDGVZKRJ0LZ,15,seqFeedback,0,0.8,4,1,B,4,1,0.8,,
718,A34YDGVZKRJ0LZ,15,seqFeedback,1,0.8,4,1,B,4,1,0.8,0.0,0.4
719,A34YDGVZKRJ0LZ,16,nonSeqFull,0,0.8,2,8,C,8,2,0.5,0.30000000000000004,0.0
720,A34YDGVZKRJ0LZ,17,seqFeedback,0,0.2,1,4,A,1,4,0.2,,
721,A34YDGVZKRJ0LZ,17,seqFeedback,1,0.2,1,4,A,1,4,0.2,0.0,0.4
722,A34YDGVZKRJ0LZ,18,seqNoFeedback,0,0.5,8,2,D,3,0,,,
723,A34YDGVZKRJ0LZ,18,seqNoFeedback,1,0.5,8,2,D,3,0,0.875,0.375,0.0
724,A34YDGVZKRJ0LZ,19,seqNoFeedback,0,0.2,8,2,D,2,8,,,
725,A34YDGVZKRJ0LZ,19,seqNoFeedback,1,0.2,8,2,D,2,8,0.4,0.2,0.0
726,A34YDGVZKRJ0LZ,20,seqNoFeedback,0,0.8,4,1,B,8,2,,,
727,A34YDGVZKRJ0LZ,20,seqNoFeedback,1,0.8,4,1,B,8,2,0.8,0.0,0.3
728,A34YDGVZKRJ0LZ,21,seqFeedback,0,0.2,2,8,C,2,8,0.2,,
729,A34YDGVZKRJ0LZ,21,seqFeedback,1,0.2,2,8,C,0,0,0.2,0.0,0.4
730,A34YDGVZKRJ0LZ,21,seqFeedback,1,0.2,2,8,C,0,0,0.2,0.0,0.4
731,A34YDGVZKRJ0LZ,21,seqFeedback,1,0.2,2,8,C,2,8,0.2,0.0,0.3
732,A34YDGVZKRJ0LZ,22,seqNoFeedback,0,0.5,1,4,A,5,0,,,
733,A34YDGVZKRJ0LZ,22,seqNoFeedback,1,0.5,1,4,A,0,5,0.4,0.09999999999999998,0.4
734,A34YDGVZKRJ0LZ,23,seqFeedback,0,0.5,1,4,A,5,0,0.6,,
735,A34YDGVZKRJ0LZ,23,seqFeedback,1,0.5,1,4,A,0,5,0.4,0.09999999999999998,0.4
736,A3RMV9ZGFJ0HHF,0,nonSeqFull,0,0.5,2,8,C,2,2,0.2857142857142857,0.2142857142857143,0.0
737,A3RMV9ZGFJ0HHF,1,seqFeedback,0,0.2,1,4,A,2,8,0.2,,
738,A3RMV9ZGFJ0HHF,1,seqFeedback,1,0.2,1,4,A,1,4,0.2,0.0,0.35
739,A3RMV9ZGFJ0HHF,2,nonSeqPartial,0,0.2,4,1,B,1,4,0.5,0.3,0.0
740,A3RMV9ZGFJ0HHF,3,nonSeqFull,0,0.8,1,4,A,8,2,0.6,0.20000000000000007,0.0
741,A3RMV9ZGFJ0HHF,4,nonSeqFull,0,0.2,1,4,A,2,8,0.2,0.0,0.4
742,A3RMV9ZGFJ0HHF,5,nonSeqFull,0,0.5,1,4,A,10,10,0.44,0.06,0.3
743,A3RMV9ZGFJ0HHF,6,seqNoFeedback,0,0.5,8,2,D,15,15,,,
744,A3RMV9ZGFJ0HHF,6,seqNoFeedback,1,0.5,8,2,D,2,2,0.5681818181818182,0.06818181818181823,0.16
745,A3RMV9ZGFJ0HHF,7,seqNoFeedback,0,0.8,8,2,D,16,4,,,
746,A3RMV9ZGFJ0HHF,7,seqNoFeedback,1,0.8,8,2,D,16,4,0.8,0.0,0.1
747,A3RMV9ZGFJ0HHF,8,seqFeedback,0,0.2,2,8,C,4,16,0.2,,
748,A3RMV9ZGFJ0HHF,8,seqFeedback,1,0.2,2,8,C,2,8,0.2,0.0,0.2
749,A3RMV9ZGFJ0HHF,9,seqNoFeedback,0,0.5,4,1,B,15,15,,,
750,A3RMV9ZGFJ0HHF,9,seqNoFeedback,1,0.5,4,1,B,5,5,0.5333333333333333,0.033333333333333326,0.1
751,A3RMV9ZGFJ0HHF,10,seqFeedback,0,0.8,1,4,A,16,4,0.68,,
752,A3RMV9ZGFJ0HHF,10,seqFeedback,1,0.8,1,4,A,4,1,0.7,0.10000000000000009,0.0
753,A3RMV9ZGFJ0HHF,11,seqNoFeedback,0,0.2,2,8,C,4,16,,,
754,A3RMV9ZGFJ0HHF,11,seqNoFeedback,1,0.2,2,8,C,2,8,0.2,0.0,0.2
755,A3RMV9ZGFJ0HHF,12,seqFeedback,0,0.5,2,8,C,15,15,0.425,,
756,A3RMV9ZGFJ0HHF,12,seqFeedback,1,0.5,2,8,C,3,2,0.4444444444444444,0.05555555555555558,0.15
757,A3RMV9ZGFJ0HHF,13,seqFeedback,0,0.8,2,8,C,24,6,0.65,,
758,A3RMV9ZGFJ0HHF,13,seqFeedback,1,0.8,2,8,C,5,1,0.6739130434782609,0.12608695652173918,0.0
759,A3RMV9ZGFJ0HHF,14,seqNoFeedback,0,0.2,4,1,B,6,24,,,
760,A3RMV9ZGFJ0HHF,14,seqNoFeedback,1,0.2,4,1,B,2,8,0.26666666666666666,0.06666666666666665,0.1
761,A3RMV9ZGFJ0HHF,15,nonSeqFull,0,0.2,8,2,D,0,10,0.4,0.2,0.0
762,A3RMV9ZGFJ0HHF,16,nonSeqPartial,0,0.5,8,2,D,5,5,0.65,0.15000000000000002,0.0
763,A3RMV9ZGFJ0HHF,17,nonSeqFull,0,0.8,2,8,C,15,0,0.68,0.12,0.0
764,A3RMV9ZGFJ0HHF,18,nonSeqPartial,0,0.8,4,1,B,10,0,0.9333333333333333,0.1333333333333333,0.0
765,A3RMV9ZGFJ0HHF,19,nonSeqPartial,0,0.2,8,2,D,2,8,0.5,0.3,0.0
766,A3RMV9ZGFJ0HHF,20,seqFeedback,0,0.5,4,1,B,15,15,0.5428571428571428,,
767,A3RMV9ZGFJ0HHF,20,seqFeedback,1,0.5,4,1,B,1,2,0.5263157894736842,0.02631578947368418,0.17
768,A3RMV9ZGFJ0HHF,21,nonSeqPartial,0,0.8,2,8,C,8,2,0.5,0.30000000000000004,0.0
769,A3RMV9ZGFJ0HHF,22,seqNoFeedback,0,0.8,1,4,A,10,0,,,
770,A3RMV9ZGFJ0HHF,22,seqNoFeedback,1,0.8,1,4,A,8,2,0.76,0.040000000000000036,0.3
771,A3RMV9ZGFJ0HHF,23,nonSeqPartial,0,0.5,1,4,A,5,5,0.4,0.09999999999999998,0.4
772,A3V2XCDF45VN9X,0,nonSeqPartial,0,0.2,4,1,B,1,4,0.5,0.3,0.0
773,A3V2XCDF45VN9X,1,nonSeqPartial,0,0.2,8,2,D,2,8,0.5,0.3,0.0
774,A3V2XCDF45VN9X,2,nonSeqFull,0,0.8,8,2,D,8,2,0.8,0.0,0.4
775,A3V2XCDF45VN9X,3,seqNoFeedback,0,0.5,4,1,B,5,5,,,
776,A3V2XCDF45VN9X,3,seqNoFeedback,1,0.5,4,1,B,5,5,0.56,0.06000000000000005,0.3
777,A3V2XCDF45VN9X,4,seqNoFeedback,0,0.2,8,2,D,1,4,,,
778,A3V2XCDF45VN9X,4,seqNoFeedback,1,0.2,8,2,D,1,4,0.5,0.3,0.0
779,A3V2XCDF45VN9X,5,nonSeqFull,0,0.5,2,8,C,8,2,0.5,0.0,0.4
780,A3V2XCDF45VN9X,6,seqFeedback,0,0.2,2,8,C,4,1,0.4,,
781,A3V2XCDF45VN9X,6,seqFeedback,1,0.2,2,8,C,9,1,0.6,0.39999999999999997,0.0
782,A3V2XCDF45VN9X,7,nonSeqFull,0,0.5,1,4,A,4,1,0.5,0.0,0.45
783,A3V2XCDF45VN9X,8,nonSeqPartial,0,0.8,1,4,A,4,1,0.5,0.30000000000000004,0.0
784,A3V2XCDF45VN9X,9,nonSeqPartial,0,0.8,8,2,D,4,1,0.8,0.0,0.45
785,A3V2XCDF45VN9X,10,seqNoFeedback,0,0.2,1,4,A,1,4,,,
786,A3V2XCDF45VN9X,10,seqNoFeedback,1,0.2,1,4,A,1,4,0.2,0.0,0.4
787,A3V2XCDF45VN9X,11,seqFeedback,0,0.2,1,4,A,1,4,0.2,,
788,A3V2XCDF45VN9X,11,seqFeedback,1,0.2,1,4,A,1,4,0.2,0.0,0.4
789,A3V2XCDF45VN9X,12,seqNoFeedback,0,0.8,4,1,B,4,1,,,
790,A3V2XCDF45VN9X,12,seqNoFeedback,1,0.8,4,1,B,4,1,0.8,0.0,0.4
791,A3V2XCDF45VN9X,13,nonSeqFull,0,0.2,1,4,A,1,4,0.2,0.0,0.45
792,A3V2XCDF45VN9X,14,seqFeedback,0,0.5,4,1,B,1,1,0.7142857142857143,,
793,A3V2XCDF45VN9X,14,seqFeedback,1,0.5,4,1,B,0,3,0.5,0.0,0.45
794,A3V2XCDF45VN9X,15,nonSeqPartial,0,0.5,8,2,D,1,1,0.75,0.25,0.0
795,A3V2XCDF45VN9X,16,seqFeedback,0,0.8,4,1,B,4,1,0.8,,
796,A3V2XCDF45VN9X,16,seqFeedback,1,0.8,4,1,B,4,1,0.8,0.0,0.4
797,A3V2XCDF45VN9X,17,seqNoFeedback,0,0.5,8,2,D,1,1,,,
798,A3V2XCDF45VN9X,17,seqNoFeedback,1,0.5,8,2,D,1,1,0.7142857142857143,0.2142857142857143,0.0
799,A3V2XCDF45VN9X,18,nonSeqFull,0,0.2,2,8,C,1,4,0.2,0.0,0.45
800,A3V2XCDF45VN9X,19,nonSeqFull,0,0.8,4,1,B,4,1,0.8,0.0,0.45
801,A3V2XCDF45VN9X,20,seqNoFeedback,0,0.8,8,2,D,4,1,,,
802,A3V2XCDF45VN9X,20,seqNoFeedback,1,0.8,8,2,D,4,1,0.8,0.0,0.4
803,A3V2XCDF45VN9X,21,seqFeedback,0,0.5,2,8,C,1,1,0.25,,
804,A3V2XCDF45VN9X,21,seqFeedback,1,0.5,2,8,C,8,2,0.5,0.0,0.38
805,A3V2XCDF45VN9X,22,seqFeedback,0,0.8,2,8,C,4,1,0.4,,
806,A3V2XCDF45VN9X,22,seqFeedback,1,0.8,2,8,C,8,0,0.6086956521739131,0.19130434782608696,0.0
807,A3V2XCDF45VN9X,23,nonSeqPartial,0,0.5,1,4,A,1,1,0.2857142857142857,0.2142857142857143,0.0
808,A9LSEP71DNP4O,0,seqFeedback,0,0.8,1,4,A,30,0,0.8857142857142857,,
809,A9LSEP71DNP4O,0,seqFeedback,1,0.8,1,4,A,25,0,0.9333333333333333,0.1333333333333333,0.0
810,A9LSEP71DNP4O,1,nonSeqPartial,0,0.2,1,4,A,0,2,0.14285714285714285,0.05714285714285716,0.48
811,A9LSEP71DNP4O,2,nonSeqFull,0,0.8,2,8,C,8,0,0.5555555555555556,0.24444444444444446,0.0
812,A9LSEP71DNP4O,3,seqFeedback,0,0.2,8,2,D,0,2,0.6666666666666666,,
813,A9LSEP71DNP4O,3,seqFeedback,1,0.2,8,2,D,0,8,0.4,0.2,0.0
814,A9LSEP71DNP4O,4,seqFeedback,0,0.5,1,4,A,1,1,0.2857142857142857,,
815,A9LSEP71DNP4O,4,seqFeedback,1,0.5,1,4,A,2,2,0.36363636363636365,0.13636363636363635,0.0
816,A9LSEP71DNP4O,5,nonSeqFull,0,0.8,4,1,B,8,0,0.9230769230769231,0.12307692307692308,0.0
817,A9LSEP71DNP4O,6,seqFeedback,0,0.2,4,1,B,1,9,0.3333333333333333,,
818,A9LSEP71DNP4O,6,seqFeedback,1,0.2,4,1,B,1,12,0.21428571428571427,0.014285714285714263,0.27
819,A9LSEP71DNP4O,7,seqNoFeedback,0,0.5,2,8,C,5,5,,,
820,A9LSEP71DNP4O,7,seqNoFeedback,1,0.5,2,8,C,5,5,0.4,0.09999999999999998,0.3
821,A9LSEP71DNP4O,8,nonSeqPartial,0,0.5,1,4,A,5,5,0.4,0.09999999999999998,0.4
822,A9LSEP71DNP4O,9,nonSeqFull,0,0.2,8,2,D,1,8,0.47368421052631576,0.27368421052631575,0.0
823,A9LSEP71DNP4O,10,seqFeedback,0,0.5,8,2,D,5,5,0.65,,
824,A9LSEP71DNP4O,10,seqFeedback,1,0.5,8,2,D,6,6,0.59375,0.09375,0.28
825,A9LSEP71DNP4O,11,nonSeqFull,0,0.2,4,1,B,1,10,0.3125,0.11249999999999999,0.0
826,A9LSEP71DNP4O,12,seqNoFeedback,0,0.2,8,2,D,2,10,,,
827,A9LSEP71DNP4O,12,seqNoFeedback,1,0.2,8,2,D,1,10,0.3333333333333333,0.1333333333333333,0.0
828,A9LSEP71DNP4O,13,nonSeqPartial,0,0.8,4,1,B,8,1,0.8571428571428571,0.05714285714285705,0.41
829,A9LSEP71DNP4O,14,nonSeqPartial,0,0.8,2,8,C,8,1,0.5263157894736842,0.27368421052631586,0.0
830,A9LSEP71DNP4O,15,seqNoFeedback,0,0.8,2,8,C,10,1,,,
831,A9LSEP71DNP4O,15,seqNoFeedback,1,0.8,2,8,C,12,1,0.7058823529411765,0.09411764705882353,0.26
832,A9LSEP71DNP4O,16,nonSeqFull,0,0.5,1,4,A,10,10,0.44,0.06,0.3
833,A9LSEP71DNP4O,17,seqNoFeedback,0,0.8,1,4,A,12,0,,,
834,A9LSEP71DNP4O,17,seqNoFeedback,1,0.8,1,4,A,12,0,0.8620689655172413,0.06206896551724128,0.26
835,A9LSEP71DNP4O,18,seqFeedback,0,0.8,2,8,C,8,0,0.5555555555555556,,
836,A9LSEP71DNP4O,18,seqFeedback,1,0.8,2,8,C,12,0,0.7333333333333333,0.06666666666666676,0.3
837,A9LSEP71DNP4O,19,seqNoFeedback,0,0.5,4,1,B,15,15,,,
838,A9LSEP71DNP4O,19,seqNoFeedback,1,0.5,4,1,B,5,5,0.5333333333333333,0.033333333333333326,0.1
839,A9LSEP71DNP4O,20,nonSeqPartial,0,0.2,2,8,C,10,0,0.6,0.39999999999999997,0.0
840,A9LSEP71DNP4O,21,nonSeqPartial,0,0.5,2,8,C,1,1,0.25,0.25,0.0
841,A9LSEP71DNP4O,22,nonSeqFull,0,0.5,2,8,C,5,5,0.35,0.15000000000000002,0.0
842,A9LSEP71DNP4O,23,seqNoFeedback,0,0.2,1,4,A,12,0,,,
843,A9LSEP71DNP4O,23,seqNoFeedback,1,0.2,1,4,A,0,15,0.40625,0.20625,0.0
844,AH7Z2M3KSQ4DW,0,seqNoFeedback,0,0.2,1,4,A,2,8,,,
845,AH7Z2M3KSQ4DW,0,seqNoFeedback,1,0.2,1,4,A,0,2,0.17647058823529413,0.023529411764705882,0.38
846,AH7Z2M3KSQ4DW,1,nonSeqPartial,0,0.5,2,8,C,5,5,0.35,0.15000000000000002,0.0
847,AH7Z2M3KSQ4DW,2,seqFeedback,0,0.2,2,8,C,2,8,0.2,,
848,AH7Z2M3KSQ4DW,2,seqFeedback,1,0.2,2,8,C,2,8,0.2,0.0,0.3
849,AH7Z2M3KSQ4DW,3,nonSeqPartial,0,0.5,1,4,A,2,4,0.2727272727272727,0.2272727272727273,0.0
850,AH7Z2M3KSQ4DW,4,nonSeqFull,0,0.8,2,8,C,8,2,0.5,0.30000000000000004,0.0
851,AH7Z2M3KSQ4DW,5,nonSeqFull,0,0.2,4,1,B,2,8,0.4,0.2,0.0
852,AH7Z2M3KSQ4DW,6,seqFeedback,0,0.5,1,4,A,4,1,0.5,,
853,AH7Z2M3KSQ4DW,6,seqFeedback,1,0.5,1,4,A,4,1,0.6,0.09999999999999998,0.4
854,AH7Z2M3KSQ4DW,7,seqFeedback,0,0.2,4,1,B,2,8,0.4,,
855,AH7Z2M3KSQ4DW,7,seqFeedback,1,0.2,4,1,B,1,4,0.35,0.14999999999999997,0.0
856,AH7Z2M3KSQ4DW,8,seqNoFeedback,0,0.5,8,2,D,5,10,,,
857,AH7Z2M3KSQ4DW,8,seqNoFeedback,1,0.5,8,2,D,10,5,0.575,0.07499999999999996,0.2
858,AH7Z2M3KSQ4DW,9,seqNoFeedback,0,0.2,2,8,C,2,8,,,
859,AH7Z2M3KSQ4DW,9,seqNoFeedback,1,0.2,2,8,C,2,10,0.1875,0.012500000000000011,0.28
860,AH7Z2M3KSQ4DW,10,nonSeqPartial,0,0.8,2,8,C,8,2,0.5,0.30000000000000004,0.0
861,AH7Z2M3KSQ4DW,11,seqFeedback,0,0.8,1,4,A,8,2,0.6,,
862,AH7Z2M3KSQ4DW,11,seqFeedback,1,0.8,1,4,A,4,1,0.65,0.15000000000000002,0.0
863,AH7Z2M3KSQ4DW,12,nonSeqFull,0,0.2,2,8,C,2,8,0.2,0.0,0.4
864,AH7Z2M3KSQ4DW,13,nonSeqPartial,0,0.2,1,4,A,2,8,0.2,0.0,0.4
865,AH7Z2M3KSQ4DW,14,nonSeqPartial,0,0.8,1,4,A,4,1,0.5,0.30000000000000004,0.0
866,AH7Z2M3KSQ4DW,15,seqNoFeedback,0,0.8,8,2,D,8,2,,,
867,AH7Z2M3KSQ4DW,15,seqNoFeedback,1,0.8,8,2,D,8,2,0.8,0.0,0.3
868,AH7Z2M3KSQ4DW,16,nonSeqFull,0,0.8,1,4,A,4,1,0.5,0.30000000000000004,0.0
869,AH7Z2M3KSQ4DW,17,nonSeqFull,0,0.5,4,1,B,8,2,0.8,0.30000000000000004,0.0
870,AH7Z2M3KSQ4DW,18,seqFeedback,0,0.5,8,2,D,8,2,0.8,,
871,AH7Z2M3KSQ4DW,18,seqFeedback,1,0.5,8,2,D,2,8,0.6,0.09999999999999998,0.3
872,AH7Z2M3KSQ4DW,19,seqNoFeedback,0,0.8,4,1,B,8,2,,,
873,AH7Z2M3KSQ4DW,19,seqNoFeedback,1,0.8,4,1,B,4,1,0.8,0.0,0.35
874,AH7Z2M3KSQ4DW,20,nonSeqPartial,0,0.2,8,2,D,8,2,0.8,0.6000000000000001,0.0
875,AH7Z2M3KSQ4DW,21,seqNoFeedback,0,0.5,4,1,B,4,1,,,
876,AH7Z2M3KSQ4DW,21,seqNoFeedback,1,0.5,4,1,B,2,2,0.7142857142857143,0.2142857142857143,0.0
877,AH7Z2M3KSQ4DW,22,nonSeqFull,0,0.5,8,2,D,10,10,0.6,0.09999999999999998,0.3
878,AH7Z2M3KSQ4DW,23,seqFeedback,0,0.8,8,2,D,8,2,0.8,,
879,AH7Z2M3KSQ4DW,23,seqFeedback,1,0.8,8,2,D,8,2,0.8,0.0,0.3
880,AJF954955YWZG,0,nonSeqPartial,0,0.8,2,8,C,5,5,0.35,0.45000000000000007,0.0
881,AJF954955YWZG,1,seqNoFeedback,0,0.8,8,2,D,8,2,,,
882,AJF954955YWZG,1,seqNoFeedback,1,0.8,8,2,D,8,2,0.8,0.0,0.3
883,AJF954955YWZG,2,nonSeqPartial,0,0.2,2,8,C,2,8,0.2,0.0,0.4
884,AJF954955YWZG,3,seqFeedback,0,0.5,4,1,B,5,5,0.6,,
885,AJF954955YWZG,3,seqFeedback,1,0.5,4,1,B,5,5,0.56,0.06000000000000005,0.3
886,AJF954955YWZG,4,seqFeedback,0,0.8,8,2,D,8,2,0.8,,
887,AJF954955YWZG,4,seqFeedback,1,0.8,8,2,D,8,2,0.8,0.0,0.3
888,AJF954955YWZG,5,nonSeqFull,0,0.2,8,2,D,1,4,0.6,0.39999999999999997,0.0
889,AJF954955YWZG,6,nonSeqFull,0,0.5,8,2,D,1,1,0.75,0.25,0.0
890,AJF954955YWZG,7,seqFeedback,0,0.8,1,4,A,8,2,0.6,,
891,AJF954955YWZG,7,seqFeedback,1,0.8,1,4,A,8,2,0.68,0.12,0.0
892,AJF954955YWZG,8,seqNoFeedback,0,0.2,2,8,C,2,8,,,
893,AJF954955YWZG,8,seqNoFeedback,1,0.2,2,8,C,2,8,0.2,0.0,0.3
894,AJF954955YWZG,9,seqFeedback,0,0.5,8,2,D,3,3,0.6875,,
895,AJF954955YWZG,9,seqFeedback,1,0.5,8,2,D,5,5,0.6153846153846154,0.11538461538461542,0.0
896,AJF954955YWZG,10,nonSeqPartial,0,0.2,1,4,A,2,8,0.2,0.0,0.4
897,AJF954955YWZG,11,seqFeedback,0,0.2,1,4,A,2,8,0.2,,
898,AJF954955YWZG,11,seqFeedback,1,0.2,1,4,A,2,8,0.2,0.0,0.3
899,AJF954955YWZG,12,seqNoFeedback,0,0.5,2,8,C,5,5,,,
900,AJF954955YWZG,12,seqNoFeedback,1,0.5,2,8,C,5,5,0.4,0.09999999999999998,0.3
901,AJF954955YWZG,13,nonSeqFull,0,0.8,2,8,C,8,2,0.5,0.30000000000000004,0.0
902,AJF954955YWZG,14,nonSeqPartial,0,0.8,4,1,B,8,2,0.8,0.0,0.4
903,AJF954955YWZG,15,nonSeqPartial,0,0.5,1,4,A,5,5,0.4,0.09999999999999998,0.4
904,AJF954955YWZG,16,nonSeqFull,0,0.2,4,1,B,2,8,0.4,0.2,0.0
905,AJF954955YWZG,17,nonSeqFull,0,0.5,4,1,B,5,5,0.6,0.09999999999999998,0.4
906,AJF954955YWZG,18,seqNoFeedback,0,0.5,4,1,B,5,5,,,
907,AJF954955YWZG,18,seqNoFeedback,1,0.5,4,1,B,5,5,0.56,0.06000000000000005,0.3
908,AJF954955YWZG,19,seqNoFeedback,0,0.2,4,1,B,2,8,,,
909,AJF954955YWZG,19,seqNoFeedback,1,0.2,4,1,B,2,8,0.32,0.12,0.0
910,AJF954955YWZG,20,nonSeqFull,0,0.8,4,1,B,8,2,0.8,0.0,0.4
911,AJF954955YWZG,21,seqNoFeedback,0,0.8,1,4,A,8,2,,,
912,AJF954955YWZG,21,seqNoFeedback,1,0.8,1,4,A,8,2,0.68,0.12,0.0
913,AJF954955YWZG,22,nonSeqPartial,0,0.5,2,8,C,5,5,0.35,0.15000000000000002,0.0
914,AJF954955YWZG,23,seqFeedback,0,0.2,8,2,D,2,8,0.5,,
915,AJF954955YWZG,23,seqFeedback,1,0.2,8,2,D,2,8,0.4,0.2,0.0
916,AKNQ0ZU1MXN1T,0,seqNoFeedback,0,0.2,1,4,A,1,3,,,
917,AKNQ0ZU1MXN1T,0,seqNoFeedback,1,0.2,1,4,A,4,1,0.42857142857142855,0.22857142857142854,0.0
918,AKNQ0ZU1MXN1T,1,nonSeqFull,0,0.8,2,8,C,2,0,0.3333333333333333,0.46666666666666673,0.0
919,AKNQ0ZU1MXN1T,2,seqFeedback,0,0.2,2,8,C,0,2,0.16666666666666666,,
920,AKNQ0ZU1MXN1T,2,seqFeedback,1,0.2,2,8,C,0,1,0.15384615384615385,0.046153846153846156,0.47
921,AKNQ0ZU1MXN1T,3,seqFeedback,0,0.5,1,4,A,1,1,0.2857142857142857,,
922,AKNQ0ZU1MXN1T,3,seqFeedback,1,0.5,1,4,A,1,1,0.3333333333333333,0.16666666666666669,0.0
923,AKNQ0ZU1MXN1T,4,seqNoFeedback,0,0.8,1,4,A,3,0,,,
924,AKNQ0ZU1MXN1T,4,seqNoFeedback,1,0.8,1,4,A,3,0,0.6363636363636364,0.1636363636363637,0.0
925,AKNQ0ZU1MXN1T,5,nonSeqFull,0,0.5,8,2,D,1,0,0.8181818181818182,0.31818181818181823,0.0
926,AKNQ0ZU1MXN1T,6,nonSeqPartial,0,0.5,4,1,B,1,1,0.7142857142857143,0.2142857142857143,0.0
927,AKNQ0ZU1MXN1T,7,nonSeqPartial,0,0.5,8,2,D,3,3,0.6875,0.1875,0.0
928,AKNQ0ZU1MXN1T,8,nonSeqFull,0,0.2,1,4,A,0,2,0.14285714285714285,0.05714285714285716,0.48
929,AKNQ0ZU1MXN1T,9,nonSeqPartial,0,0.2,8,2,D,0,3,0.6153846153846154,0.4153846153846154,0.0
930,AKNQ0ZU1MXN1T,10,seqFeedback,0,0.8,1,4,A,4,0,0.5555555555555556,,
931,AKNQ0ZU1MXN1T,10,seqFeedback,1,0.8,1,4,A,8,0,0.7647058823529411,0.03529411764705892,0.38
932,AKNQ0ZU1MXN1T,11,nonSeqPartial,0,0.8,1,4,A,5,0,0.6,0.20000000000000007,0.0
933,AKNQ0ZU1MXN1T,12,seqNoFeedback,0,0.5,1,4,A,5,5,,,
934,AKNQ0ZU1MXN1T,12,seqNoFeedback,1,0.5,1,4,A,5,5,0.44,0.06,0.3
935,AKNQ0ZU1MXN1T,13,nonSeqFull,0,0.8,1,4,A,4,0,0.5555555555555556,0.24444444444444446,0.0
936,AKNQ0ZU1MXN1T,14,nonSeqPartial,0,0.2,1,4,A,0,2,0.14285714285714285,0.05714285714285716,0.48
937,AKNQ0ZU1MXN1T,15,seqNoFeedback,0,0.5,2,8,C,0,2,,,
938,AKNQ0ZU1MXN1T,15,seqNoFeedback,1,0.5,2,8,C,0,2,0.14285714285714285,0.35714285714285715,0.0
939,AKNQ0ZU1MXN1T,16,nonSeqFull,0,0.5,4,1,B,0,5,0.4,0.09999999999999998,0.45
940,AKNQ0ZU1MXN1T,17,seqFeedback,0,0.8,8,2,D,8,0,0.8888888888888888,,
941,AKNQ0ZU1MXN1T,17,seqFeedback,1,0.8,8,2,D,8,0,0.9230769230769231,0.12307692307692308,0.0
942,AKNQ0ZU1MXN1T,18,seqNoFeedback,0,0.8,2,8,C,8,0,,,
943,AKNQ0ZU1MXN1T,18,seqNoFeedback,1,0.8,2,8,C,8,0,0.6923076923076923,0.10769230769230775,0.0
944,AKNQ0ZU1MXN1T,19,nonSeqPartial,0,0.8,8,2,D,8,0,0.8888888888888888,0.0888888888888888,0.42
945,AKNQ0ZU1MXN1T,20,seqFeedback,0,0.5,8,2,D,8,0,0.8888888888888888,,
946,AKNQ0ZU1MXN1T,20,seqFeedback,1,0.5,8,2,D,8,0,0.9230769230769231,0.42307692307692313,0.0
947,AKNQ0ZU1MXN1T,21,seqNoFeedback,0,0.2,8,2,D,0,2,,,
948,AKNQ0ZU1MXN1T,21,seqNoFeedback,1,0.2,8,2,D,0,2,0.5714285714285714,0.3714285714285714,0.0
949,AKNQ0ZU1MXN1T,22,nonSeqFull,0,0.2,2,8,C,0,2,0.16666666666666666,0.033333333333333354,0.48
950,AKNQ0ZU1MXN1T,23,seqFeedback,0,0.2,4,1,B,0,4,0.4444444444444444,,
951,AKNQ0ZU1MXN1T,23,seqFeedback,1,0.2,4,1,B,0,2,0.36363636363636365,0.16363636363636364,0.0
952,AMV1E7FFPVAW4,0,seqNoFeedback,0,0.2,8,2,D,4,4,,,
953,AMV1E7FFPVAW4,0,seqNoFeedback,1,0.2,8,2,D,2,8,0.5,0.3,0.0
954,AMV1E7FFPVAW4,1,nonSeqFull,0,0.8,4,1,B,8,2,0.8,0.0,0.4
955,AMV1E7FFPVAW4,2,seqNoFeedback,0,0.5,8,2,D,5,1,,,
956,AMV1E7FFPVAW4,2,seqNoFeedback,1,0.5,8,2,D,5,0,0.8571428571428571,0.3571428571428571,0.0
957,AMV1E7FFPVAW4,3,seqFeedback,0,0.2,8,2,D,2,0,0.8333333333333334,,
958,AMV1E7FFPVAW4,3,seqFeedback,1,0.2,8,2,D,2,0,0.8571428571428571,0.657142857142857,0.0
959,AMV1E7FFPVAW4,4,nonSeqFull,0,0.5,8,2,D,5,0,0.8666666666666667,0.3666666666666667,0.0
960,AMV1E7FFPVAW4,5,seqNoFeedback,0,0.2,1,4,A,2,0,,,
961,AMV1E7FFPVAW4,5,seqNoFeedback,1,0.2,1,4,A,2,0,0.5555555555555556,0.35555555555555557,0.0
962,AMV1E7FFPVAW4,6,seqFeedback,0,0.5,4,1,B,5,0,0.9,,
963,AMV1E7FFPVAW4,6,seqFeedback,1,0.5,4,1,B,5,0,0.9333333333333333,0.43333333333333335,0.0
964,AMV1E7FFPVAW4,7,nonSeqPartial,0,0.8,1,4,A,8,0,0.6923076923076923,0.10769230769230775,0.0
965,AMV1E7FFPVAW4,8,nonSeqPartial,0,0.5,4,1,B,5,0,0.9,0.4,0.0
966,AMV1E7FFPVAW4,9,nonSeqPartial,0,0.5,8,2,D,5,0,0.8666666666666667,0.3666666666666667,0.0
967,AMV1E7FFPVAW4,10,seqFeedback,0,0.2,4,1,B,2,0,0.8571428571428571,,
968,AMV1E7FFPVAW4,10,seqFeedback,1,0.2,4,1,B,2,0,0.8888888888888888,0.6888888888888889,0.0
969,AMV1E7FFPVAW4,11,nonSeqFull,0,0.2,2,8,C,2,0,0.3333333333333333,0.1333333333333333,0.0
970,AMV1E7FFPVAW4,12,seqFeedback,0,0.5,2,8,C,5,0,0.4666666666666667,,
971,AMV1E7FFPVAW4,12,seqFeedback,1,0.5,2,8,C,5,0,0.6,0.09999999999999998,0.4
972,AMV1E7FFPVAW4,13,seqFeedback,0,0.8,2,8,C,8,0,0.5555555555555556,,
973,AMV1E7FFPVAW4,13,seqFeedback,1,0.8,2,8,C,8,0,0.6923076923076923,0.10769230769230775,0.0
974,AMV1E7FFPVAW4,14,nonSeqFull,0,0.5,1,4,A,5,0,0.6,0.09999999999999998,0.45
975,AMV1E7FFPVAW4,15,nonSeqFull,0,0.8,2,8,C,8,0,0.5555555555555556,0.24444444444444446,0.0
976,AMV1E7FFPVAW4,16,seqNoFeedback,0,0.5,4,1,B,5,0,,,
977,AMV1E7FFPVAW4,16,seqNoFeedback,1,0.5,4,1,B,5,0,0.9333333333333333,0.43333333333333335,0.0
978,AMV1E7FFPVAW4,17,nonSeqPartial,0,0.2,1,4,A,2,0,0.42857142857142855,0.22857142857142854,0.0
979,AMV1E7FFPVAW4,18,seqNoFeedback,0,0.8,1,4,A,8,1,,,
980,AMV1E7FFPVAW4,18,seqNoFeedback,1,0.8,1,4,A,8,1,0.7391304347826086,0.0608695652173914,0.32
981,AMV1E7FFPVAW4,19,nonSeqPartial,0,0.8,2,8,C,8,1,0.5263157894736842,0.27368421052631586,0.0
982,AMV1E7FFPVAW4,20,nonSeqFull,0,0.2,4,1,B,2,0,0.8571428571428571,0.657142857142857,0.0
983,AMV1E7FFPVAW4,21,seqFeedback,0,0.8,4,1,B,8,1,0.8571428571428571,,
984,AMV1E7FFPVAW4,21,seqFeedback,1,0.8,4,1,B,8,1,0.8695652173913043,0.06956521739130428,0.32
985,AMV1E7FFPVAW4,22,nonSeqPartial,0,0.2,8,2,D,4,1,0.8,0.6000000000000001,0.0
986,AMV1E7FFPVAW4,23,seqNoFeedback,0,0.8,8,2,D,8,1,,,
987,AMV1E7FFPVAW4,23,seqNoFeedback,1,0.8,8,2,D,8,0,0.8888888888888888,0.0888888888888888,0.33
988,ARUXG5FD1Q76F,0,seqFeedback,0,0.5,1,4,A,2,2,0.3333333333333333,,
989,ARUXG5FD1Q76F,0,seqFeedback,1,0.5,1,4,A,10,10,0.4482758620689655,0.051724137931034475,0.26
990,ARUXG5FD1Q76F,1,seqFeedback,0,0.2,1,4,A,1,5,0.18181818181818182,,
991,ARUXG5FD1Q76F,1,seqFeedback,1,0.2,1,4,A,1,5,0.17647058823529413,0.023529411764705882,0.38
992,ARUXG5FD1Q76F,2,seqNoFeedback,0,0.2,4,1,B,1,5,,,
993,ARUXG5FD1Q76F,2,seqNoFeedback,1,0.2,4,1,B,2,10,0.30434782608695654,0.10434782608695653,0.0
994,ARUXG5FD1Q76F,3,nonSeqFull,0,0.8,1,4,A,20,4,0.7241379310344828,0.07586206896551728,0.26
995,ARUXG5FD1Q76F,4,nonSeqFull,0,0.2,1,4,A,1,5,0.18181818181818182,0.018181818181818188,0.44
996,ARUXG5FD1Q76F,5,nonSeqFull,0,0.5,1,4,A,14,3,0.6818181818181818,0.18181818181818177,0.0
997,ARUXG5FD1Q76F,6,nonSeqPartial,0,0.2,1,4,A,2,10,0.17647058823529413,0.023529411764705882,0.38
998,ARUXG5FD1Q76F,7,nonSeqFull,0,0.5,2,8,C,8,8,0.38461538461538464,0.11538461538461536,0.0
999,ARUXG5FD1Q76F,8,nonSeqPartial,0,0.8,8,2,D,10,2,0.8181818181818182,0.018181818181818188,0.38
1000,ARUXG5FD1Q76F,9,seqNoFeedback,0,0.8,8,2,D,10,2,,,
1001,ARUXG5FD1Q76F,9,seqNoFeedback,1,0.8,8,2,D,10,2,0.8235294117647058,0.0235294117647058,0.26
1002,ARUXG5FD1Q76F,10,seqNoFeedback,0,0.2,8,2,D,1,5,,,
1003,ARUXG5FD1Q76F,10,seqNoFeedback,1,0.2,8,2,D,2,10,0.39285714285714285,0.19285714285714284,0.0
1004,ARUXG5FD1Q76F,11,seqNoFeedback,0,0.5,1,4,A,7,7,,,
1005,ARUXG5FD1Q76F,11,seqNoFeedback,1,0.5,1,4,A,6,6,0.45161290322580644,0.04838709677419356,0.24
1006,ARUXG5FD1Q76F,12,seqFeedback,0,0.8,1,4,A,5,1,0.5454545454545454,,
1007,ARUXG5FD1Q76F,12,seqFeedback,1,0.8,1,4,A,20,4,0.7428571428571429,0.05714285714285716,0.2
1008,ARUXG5FD1Q76F,13,nonSeqPartial,0,0.2,8,2,D,1,5,0.5625,0.3625,0.0
1009,ARUXG5FD1Q76F,14,nonSeqPartial,0,0.5,4,1,B,10,10,0.56,0.06000000000000005,0.3
1010,ARUXG5FD1Q76F,15,seqNoFeedback,0,0.5,2,8,C,10,10,,,
1011,ARUXG5FD1Q76F,15,seqNoFeedback,1,0.5,2,8,C,1,1,0.40625,0.09375,0.28
1012,ARUXG5FD1Q76F,16,seqNoFeedback,0,0.8,4,1,B,10,2,,,
1013,ARUXG5FD1Q76F,16,seqNoFeedback,1,0.8,4,1,B,5,1,0.8260869565217391,0.02608695652173909,0.32
1014,ARUXG5FD1Q76F,17,nonSeqFull,0,0.8,8,2,D,6,1,0.8235294117647058,0.0235294117647058,0.43
1015,ARUXG5FD1Q76F,18,seqFeedback,0,0.8,8,2,D,10,2,0.8181818181818182,,
1016,ARUXG5FD1Q76F,18,seqFeedback,1,0.8,8,2,D,4,1,0.8148148148148148,0.014814814814814725,0.33
1017,ARUXG5FD1Q76F,19,nonSeqFull,0,0.2,8,2,D,4,20,0.35294117647058826,0.15294117647058825,0.0
1018,ARUXG5FD1Q76F,20,nonSeqPartial,0,0.8,1,4,A,20,4,0.7241379310344828,0.07586206896551728,0.26
1019,ARUXG5FD1Q76F,21,seqFeedback,0,0.5,8,2,D,5,5,0.65,,
1020,ARUXG5FD1Q76F,21,seqFeedback,1,0.5,8,2,D,8,8,0.5833333333333334,0.08333333333333337,0.24
1021,ARUXG5FD1Q76F,22,seqFeedback,0,0.2,8,2,D,1,5,0.5625,,
1022,ARUXG5FD1Q76F,22,seqFeedback,1,0.2,8,2,D,4,20,0.325,0.125,0.0
1023,ARUXG5FD1Q76F,23,nonSeqPartial,0,0.5,2,8,C,12,12,0.4117647058823529,0.08823529411764708,0.26
1024,ASC9DUCC64M3P,0,seqFeedback,0,0.8,8,2,D,5,5,0.65,,
1025,ASC9DUCC64M3P,0,seqFeedback,1,0.8,8,2,D,10,10,0.575,0.2250000000000001,0.0
1026,ASC9DUCC64M3P,1,nonSeqPartial,0,0.8,8,2,D,15,15,0.575,0.2250000000000001,0.0
1027,ASC9DUCC64M3P,2,seqNoFeedback,0,0.5,2,8,C,15,10,,,
1028,ASC9DUCC64M3P,2,seqNoFeedback,1,0.5,2,8,C,10,15,0.45,0.04999999999999999,0.0
1029,ASC9DUCC64M3P,3,nonSeqPartial,0,0.8,1,4,A,30,0,0.8857142857142857,0.08571428571428563,0.2
1030,ASC9DUCC64M3P,4,seqNoFeedback,0,0.5,4,1,B,25,5,,,
1031,ASC9DUCC64M3P,4,seqNoFeedback,1,0.5,4,1,B,5,25,0.5230769230769231,0.023076923076923106,0.0
1032,ASC9DUCC64M3P,5,nonSeqFull,0,0.8,8,2,D,30,0,0.95,0.1499999999999999,0.0
1033,ASC9DUCC64M3P,6,nonSeqFull,0,0.2,1,4,A,5,25,0.17142857142857143,0.02857142857142858,0.2
1034,ASC9DUCC64M3P,7,seqFeedback,0,0.5,8,2,D,15,15,0.575,,
1035,ASC9DUCC64M3P,7,seqFeedback,1,0.5,8,2,D,15,15,0.5428571428571428,0.042857142857142816,0.0
1036,ASC9DUCC64M3P,8,nonSeqPartial,0,0.2,2,8,C,5,5,0.35,0.14999999999999997,0.0
1037,ASC9DUCC64M3P,9,nonSeqPartial,0,0.5,8,2,D,5,5,0.65,0.15000000000000002,0.0
1038,ASC9DUCC64M3P,10,seqNoFeedback,0,0.2,8,2,D,0,10,,,
1039,ASC9DUCC64M3P,10,seqNoFeedback,1,0.2,8,2,D,10,0,0.6,0.39999999999999997,0.0
1040,ASC9DUCC64M3P,11,nonSeqFull,0,0.5,1,4,A,3,3,0.36363636363636365,0.13636363636363635,0.0
1041,ASC9DUCC64M3P,12,seqFeedback,0,0.2,2,8,C,3,10,0.21739130434782608,,
1042,ASC9DUCC64M3P,12,seqFeedback,1,0.2,2,8,C,3,10,0.2222222222222222,0.0222222222222222,0.24
1043,ASC9DUCC64M3P,13,seqFeedback,0,0.2,4,1,B,3,10,0.3888888888888889,,
1044,ASC9DUCC64M3P,13,seqFeedback,1,0.2,4,1,B,3,12,0.30303030303030304,0.10303030303030303,0.0
1045,ASC9DUCC64M3P,14,seqFeedback,0,0.8,1,4,A,5,1,0.5454545454545454,,
1046,ASC9DUCC64M3P,14,seqFeedback,1,0.8,1,4,A,5,1,0.6470588235294118,0.15294117647058825,0.0
1047,ASC9DUCC64M3P,15,nonSeqFull,0,0.2,8,2,D,1,5,0.5625,0.3625,0.0
1048,ASC9DUCC64M3P,16,seqNoFeedback,0,0.2,1,4,A,5,10,,,
1049,ASC9DUCC64M3P,16,seqNoFeedback,1,0.2,1,4,A,10,5,0.45714285714285713,0.2571428571428571,0.0
1050,ASC9DUCC64M3P,17,nonSeqFull,0,0.8,1,4,A,1,0,0.3333333333333333,0.46666666666666673,0.0
1051,ASC9DUCC64M3P,18,nonSeqFull,0,0.5,8,2,D,10,10,0.6,0.09999999999999998,0.3
1052,ASC9DUCC64M3P,19,seqNoFeedback,0,0.8,4,1,B,15,5,,,
1053,ASC9DUCC64M3P,19,seqNoFeedback,1,0.8,4,1,B,5,15,0.5333333333333333,0.2666666666666667,0.0
1054,ASC9DUCC64M3P,20,nonSeqPartial,0,0.5,4,1,B,20,20,0.5333333333333333,0.033333333333333326,0.1
1055,ASC9DUCC64M3P,20,nonSeqPartial,0,0.5,4,1,B,20,20,0.5333333333333333,0.033333333333333326,0.1
1056,ASC9DUCC64M3P,20,nonSeqPartial,0,0.5,4,1,B,0,0,0.8,0.30000000000000004,0.0
1057,ASC9DUCC64M3P,20,nonSeqPartial,0,0.5,4,1,B,15,15,0.5428571428571428,0.042857142857142816,0.2
1058,ASC9DUCC64M3P,21,seqNoFeedback,0,0.8,2,8,C,20,10,,,
1059,ASC9DUCC64M3P,21,seqNoFeedback,1,0.8,2,8,C,10,20,0.45714285714285713,0.3428571428571429,0.0
1060,ASC9DUCC64M3P,22,nonSeqPartial,0,0.2,4,1,B,5,15,0.36,0.15999999999999998,0.0
1061,ASC9DUCC64M3P,23,seqFeedback,0,0.5,1,4,A,15,15,0.45714285714285713,,
1062,ASC9DUCC64M3P,23,seqFeedback,1,0.5,1,4,A,15,15,0.47692307692307695,0.02307692307692305,0.0
1063,AZNIEFUIVB2H0,0,seqFeedback,0,0.5,2,8,C,6,6,0.36363636363636365,,
1064,AZNIEFUIVB2H0,0,seqFeedback,1,0.5,2,8,C,4,4,0.4,0.09999999999999998,0.3
1065,AZNIEFUIVB2H0,1,nonSeqFull,0,0.2,8,2,D,0,10,0.4,0.2,0.0
1066,AZNIEFUIVB2H0,2,nonSeqPartial,0,0.8,8,2,D,10,0,0.9,0.09999999999999998,0.4
1067,AZNIEFUIVB2H0,3,nonSeqPartial,0,0.2,2,8,C,0,10,0.1,0.1,0.4
1068,AZNIEFUIVB2H0,4,seqNoFeedback,0,0.2,1,4,A,2,8,,,
1069,AZNIEFUIVB2H0,4,seqNoFeedback,1,0.2,1,4,A,8,8,0.3548387096774194,0.15483870967741936,0.0
1070,AZNIEFUIVB2H0,5,seqNoFeedback,0,0.8,8,2,D,10,0,,,
1071,AZNIEFUIVB2H0,5,seqNoFeedback,1,0.8,8,2,D,8,0,0.9285714285714286,0.12857142857142856,0.0
1072,AZNIEFUIVB2H0,6,seqNoFeedback,0,0.5,8,2,D,6,6,,,
1073,AZNIEFUIVB2H0,6,seqNoFeedback,1,0.5,8,2,D,8,8,0.5789473684210527,0.07894736842105265,0.22
1074,AZNIEFUIVB2H0,7,nonSeqPartial,0,0.2,1,4,A,10,10,0.44,0.24,0.0
1075,AZNIEFUIVB2H0,8,nonSeqFull,0,0.5,2,8,C,6,0,0.5,0.0,0.44
1076,AZNIEFUIVB2H0,9,seqFeedback,0,0.5,4,1,B,3,3,0.6363636363636364,,
1077,AZNIEFUIVB2H0,9,seqFeedback,1,0.5,4,1,B,2,2,0.6,0.09999999999999998,0.4
1078,AZNIEFUIVB2H0,10,nonSeqPartial,0,0.5,1,4,A,3,3,0.36363636363636365,0.13636363636363635,0.0
1079,AZNIEFUIVB2H0,11,seqFeedback,0,0.2,2,8,C,10,0,0.6,,
1080,AZNIEFUIVB2H0,11,seqFeedback,1,0.2,2,8,C,2,2,0.5833333333333334,0.38333333333333336,0.0
1081,AZNIEFUIVB2H0,12,seqNoFeedback,0,0.8,1,4,A,12,9,,,
1082,AZNIEFUIVB2H0,12,seqNoFeedback,1,0.8,1,4,A,10,1,0.6216216216216216,0.17837837837837844,0.0
1083,AZNIEFUIVB2H0,13,nonSeqFull,0,0.5,1,4,A,3,0,0.5,0.0,0.47
1084,AZNIEFUIVB2H0,14,seqNoFeedback,0,0.2,8,2,D,0,11,,,
1085,AZNIEFUIVB2H0,14,seqNoFeedback,1,0.2,8,2,D,0,13,0.23529411764705882,0.03529411764705881,0.26
1086,AZNIEFUIVB2H0,15,seqFeedback,0,0.8,8,2,D,16,0,0.9230769230769231,,
1087,AZNIEFUIVB2H0,15,seqFeedback,1,0.8,8,2,D,14,0,0.95,0.1499999999999999,0.0
1088,AZNIEFUIVB2H0,16,seqFeedback,0,0.8,4,1,B,10,1,0.875,,
1089,AZNIEFUIVB2H0,16,seqFeedback,1,0.8,4,1,B,10,0,0.9230769230769231,0.12307692307692308,0.0
1090,AZNIEFUIVB2H0,17,seqNoFeedback,0,0.5,1,4,A,3,3,,,
1091,AZNIEFUIVB2H0,17,seqNoFeedback,1,0.5,1,4,A,3,3,0.4117647058823529,0.08823529411764708,0.38
1092,AZNIEFUIVB2H0,18,nonSeqFull,0,0.2,4,1,B,0,7,0.3333333333333333,0.1333333333333333,0.0
1093,AZNIEFUIVB2H0,19,nonSeqFull,0,0.8,2,8,C,2,8,0.2,0.6000000000000001,0.0
1094,AZNIEFUIVB2H0,20,nonSeqPartial,0,0.5,8,2,D,6,6,0.6363636363636364,0.13636363636363635,0.0
1095,AZNIEFUIVB2H0,21,seqFeedback,0,0.2,1,4,A,0,8,0.07692307692307693,,
1096,AZNIEFUIVB2H0,21,seqFeedback,1,0.2,1,4,A,0,7,0.05,0.15000000000000002,0.0
1097,AZNIEFUIVB2H0,22,nonSeqPartial,0,0.8,1,4,A,2,8,0.2,0.6000000000000001,0.0
1098,AZNIEFUIVB2H0,23,nonSeqFull,0,0.8,4,1,B,20,5,0.8,0.0,0.25
